{"stats":{"minecraft:picked_up":{"irons_spellbooks:scroll":1,"born_in_chaos_v1:diamond_termite_shard":3,"minecraft:crafting_table":3,"chococraft:loverly_gysahl_green":2,"minecraft:wither_rose":1,"minecraft:gold_block":2,"minecraft:string":25,"create:limestone":2,"irons_spellbooks:arcane_essence":2,"minecraft:cobbled_deepslate":46,"minecraft:beef":13,"born_in_chaos_v1:gnawed_bones":1,"minecraft:iron_nugget":3,"minecraft:chest":1,"biomesoplenty:hanging_cobweb":2,"minecraft:furnace":1,"minecraft:stick":12,"minecraft:raw_iron":76,"iceandfire:ghost_chest":1,"iceandfire:troll_tusk":2,"minecraft:torch":1,"botania:black_mushroom":1,"botania:purple_mushroom":1,"iceandfire:silver_ore":12,"minecraft:porkchop":6,"farmersdelight:tomato_seeds":1,"tombstone:grave_dust":4,"minecraft:diorite":4,"minecraft:carrot":5,"minecraft:redstone":56,"minecraft:arrow":7,"minecraft:rotten_flesh":9,"farmersdelight:onion":5,"create:veridium":1,"biomesoplenty:pink_cherry_sapling":9,"minecraft:mutton":7,"minecraft:rail":1,"minecraft:white_wool":4,"minecraft:cobblestone":97,"born_in_chaos_v1:corpse_maggot":12,"minecraft:lilac":2,"minecraft:andesite":1,"minecraft:leather":7,"minecraft:red_mushroom":2,"minecraft:potato":4,"biomesoplenty:fir_log":14,"minecraft:flint":2,"minecraft:tuff":1,"create:raw_zinc":4,"minecraft:oak_log":5,"minecraft:golden_boots":1,"minecraft:lapis_lazuli":9,"minecraft:dirt":27,"tombstone:gift":2,"chococraft:chocobo_feather":2,"minecraft:bone":12,"chococraft:gysahl_green":5,"minecraft:wheat_seeds":1,"minecraft:raw_gold":5,"tombstone:bag_of_seeds":1,"biomesoplenty:cherry_log":185,"minecraft:poisonous_potato":1,"minecraft:gravel":4,"minecraft:amethyst_shard":4,"biomesoplenty:white_cherry_sapling":5,"chococraft:gysahl_green_seeds":5,"minecraft:spruce_sapling":2,"minecraft:white_bed":2,"minecraft:spruce_log":1,"minecraft:spider_eye":3,"minecraft:bundle":1,"minecraft:diamond":1,"evilcraft:dark_gem":9,"minecraft:granite":26,"tombstone:magic_scroll":1,"minecraft:oak_sapling":3,"minecraft:coal":71},"minecraft:broken":{"minecraft:iron_pickaxe":1},"minecraft:custom":{"minecraft:mob_kills":78,"minecraft:interact_with_crafting_table":35,"minecraft:open_barrel":37,"minecraft:damage_dealt_resisted":1757,"minecraft:leave_game":3,"minecraft:time_since_death":770,"minecraft:climb_one_cm":3484,"minecraft:sprint_one_cm":602780,"minecraft:walk_one_cm":560074,"minecraft:damage_blocked_by_shield":239,"minecraft:drop":51,"minecraft:talked_to_villager":1,"minecraft:play_time":212121,"minecraft:deaths":4,"minecraft:sneak_time":2213,"minecraft:walk_under_water_one_cm":11012,"minecraft:jump":3586,"minecraft:walk_on_water_one_cm":17951,"minecraft:total_world_time":212121,"minecraft:interact_with_furnace":60,"tombstone:raider_killed":9,"minecraft:sleep_in_bed":8,"minecraft:time_since_rest":675,"minecraft:waystone_activated":3,"minecraft:damage_taken":4057,"minecraft:trigger_trapped_chest":2,"minecraft:damage_dealt":14754,"minecraft:player_kills":1,"minecraft:swim_one_cm":5531,"minecraft:fly_one_cm":697888,"minecraft:open_chest":49,"minecraft:crouch_one_cm":7931,"tombstone:undead_killed":32,"minecraft:fall_one_cm":94525},"minecraft:crafted":{"minecraft:oak_planks":4,"biomesoplenty:cherry_planks":168,"minecraft:furnace":4,"minecraft:stone_button":9,"minecraft:stone":9,"securitycraft:keypad_item":1,"minecraft:heavy_weighted_pressure_plate":1,"minecraft:cooked_mutton":5,"warhammersmod:hammer_iron":1,"minecraft:iron_boots":1,"minecraft:iron_axe":1,"minecraft:stone_pickaxe":1,"minecraft:chest":3,"minecraft:cooked_beef":19,"sophisticatedbackpacks:backpack":1,"minecraft:crafting_table":6,"minecraft:spruce_planks":4,"minecraft:wooden_pickaxe":1,"minecraft:iron_helmet":1,"minecraft:iron_sword":1,"minecraft:stone_axe":1,"minecraft:air":0,"biomesoplenty:fir_planks":56,"minecraft:iron_chestplate":1,"minecraft:shield":2,"minecraft:stick":24,"minecraft:iron_ingot":47,"minecraft:iron_pickaxe":2,"minecraft:stone_sword":1,"minecraft:iron_leggings":1,"minecraft:gold_ingot":18,"minecraft:white_bed":1,"minecraft:torch":24},"minecraft:dropped":{"farmersdelight:tomato_seeds":4,"minecraft:golden_boots":1,"minecraft:wheat_seeds":1,"chococraft:loverly_gysahl_green":2,"mowziesmobs:foliaath_seed":3,"minecraft:poisonous_potato":1,"chococraft:gysahl_green_seeds":1,"minecraft:rail":1,"minecraft:coal":4,"minecraft:dirt":3,"born_in_chaos_v1:gnawed_bones":1,"minecraft:diorite":3,"minecraft:stone_button":1,"minecraft:mutton":5,"tombstone:grave_dust":3,"minecraft:wither_rose":1,"minecraft:string":9,"create:raw_zinc":4,"minecraft:spruce_sapling":2,"minecraft:bone":1,"minecraft:iron_nugget":3,"tombstone:gift":3,"minecraft:rotten_flesh":3,"minecraft:pumpkin_seeds":1,"minecraft:carrot":1,"botania:black_mushroom":1,"minecraft:potato":5,"iceandfire:ghost_chest":1,"minecraft:shield":1,"minecraft:bundle":1,"minecraft:andesite":1,"born_in_chaos_v1:corpse_maggot":9,"minecraft:oak_sapling":3,"minecraft:spider_eye":1,"minecraft:wooden_pickaxe":1,"chococraft:gysahl_green":5},"minecraft:used":{"biomesoplenty:cherry_log":15,"minecraft:stone_sword":14,"create:veridium":1,"minecraft:chest":3,"minecraft:shield":36,"minecraft:iron_sword":176,"minecraft:rotten_flesh":1,"minecraft:torch":22,"minecraft:dirt":14,"minecraft:mutton":2,"warhammersmod:hammer_iron":111,"securitycraft:keypad_item":1,"minecraft:tuff":1,"minecraft:granite":18,"minecraft:iron_axe":244,"minecraft:furnace":5,"tombstone:gift":3,"minecraft:cooked_beef":17,"minecraft:cobbled_deepslate":10,"minecraft:cooked_mutton":5,"minecraft:diorite":1,"minecraft:stone_pickaxe":58,"minecraft:wooden_pickaxe":12,"minecraft:crafting_table":9,"minecraft:white_bed":3,"tombstone:bag_of_seeds":1,"minecraft:bread":43,"minecraft:iron_pickaxe":339,"tombstone:grave_key":1,"minecraft:gravel":4,"minecraft:cobblestone":34},"minecraft:killed_by":{"irons_spellbooks:pyromancer":1,"iceandfire:ice_dragon":1,"minecraft:zombie":1,"iceandfire:troll":1},"minecraft:killed":{"born_in_chaos_v1:zombie_clown":1,"minecraft:cave_spider":6,"born_in_chaos_v1:door_knight_not_despawn":1,"minecraft:spider":4,"born_in_chaos_v1:maggot":1,"minecraft:skeleton":6,"born_in_chaos_v1:baby_skeleton_2":1,"minecraft:drowned":1,"minecraft:pig":3,"born_in_chaos_v1:diamond_termite":3,"born_in_chaos_v1:baby_skeleton":1,"iceandfire:troll":1,"irons_spellbooks:necromancer":1,"born_in_chaos_v1:decrepit_skeleton":5,"minecraft:sheep":4,"minecraft:zombie":12,"iceandfire:ghost":2,"born_in_chaos_v1:dread_hound":3,"born_in_chaos_v1:corpse_fly":10,"born_in_chaos_v1:door_knight":1,"chococraft:chocobo":3,"minecraft:enderman":1,"minecraft:cow":6},"minecraft:mined":{"create:zinc_ore":6,"minecraft:tuff":1,"biomesoplenty:cherry_log":189,"minecraft:white_bed":2,"iceandfire:silver_ore":12,"minecraft:deepslate_diamond_ore":1,"minecraft:granite":26,"minecraft:grass_block":3,"minecraft:spawner":3,"botania:purple_mushroom":1,"minecraft:furnace":1,"minecraft:iron_ore":75,"minecraft:andesite":1,"evilcraft:dark_ore":2,"minecraft:gold_block":2,"biomesoplenty:hanging_cobweb":2,"chococraft:gysahl_green":5,"minecraft:deepslate_iron_ore":4,"biomesoplenty:pink_cherry_leaves":38,"minecraft:rail":1,"biomesoplenty:spider_egg":1,"minecraft:stone":95,"create:veridium":2,"create:limestone":4,"minecraft:deepslate_redstone_ore":12,"minecraft:scaffolding":1,"biomesoplenty:hanging_cobweb_strand":1,"born_in_chaos_v1:infected_deepslate_diamond_ore":1,"minecraft:crafting_table":3,"minecraft:chest":1,"minecraft:cobblestone":2,"minecraft:deepslate_gold_ore":5,"minecraft:lapis_ore":1,"minecraft:diorite":4,"biomesoplenty:white_cherry_leaves":35,"minecraft:lilac":2,"biomesoplenty:fir_log":14,"minecraft:wither_rose":1,"minecraft:grass":7,"biomesoplenty:clover":1,"minecraft:coal_ore":72,"biomesoplenty:fir_leaves":7,"minecraft:gravel":6,"minecraft:dirt":7,"biomesoplenty:umbran_leaves":4,"minecraft:cobweb":12,"minecraft:deepslate":45,"create:crimsite":1,"minecraft:oak_leaves":5,"minecraft:fern":1}},"DataVersion":3120}