{"stats":{"minecraft:picked_up":{"minecraft:raw_iron":7,"biomesoplenty:fir_log":14,"minecraft:dirt":1,"minecraft:arrow":1,"minecraft:bone":2,"minecraft:mutton":7,"minecraft:coal":9,"minecraft:white_wool":4,"minecraft:cobblestone":30},"minecraft:custom":{"minecraft:time_since_rest":10393,"minecraft:interact_with_furnace":9,"minecraft:sprint_one_cm":21581,"minecraft:damage_taken":160,"minecraft:walk_one_cm":19909,"minecraft:mob_kills":5,"minecraft:drop":3,"minecraft:damage_dealt":624,"minecraft:swim_one_cm":167,"minecraft:interact_with_crafting_table":7,"minecraft:fly_one_cm":24502,"minecraft:crouch_one_cm":178,"minecraft:play_time":10393,"tombstone:undead_killed":1,"minecraft:sneak_time":122,"minecraft:walk_under_water_one_cm":355,"minecraft:jump":154,"minecraft:time_since_death":10393,"minecraft:walk_on_water_one_cm":916,"minecraft:total_world_time":10393,"minecraft:fall_one_cm":3011},"minecraft:mined":{"minecraft:iron_ore":7,"biomesoplenty:fir_log":14,"minecraft:grass":2,"minecraft:grass_block":2,"minecraft:coal_ore":9,"biomesoplenty:fir_leaves":7,"minecraft:dirt":2,"minecraft:stone":29},"minecraft:killed":{"minecraft:sheep":4,"minecraft:skeleton":1},"minecraft:dropped":{"minecraft:shield":1,"minecraft:mutton":5,"minecraft:coal":4},"minecraft:used":{"minecraft:stone_sword":14,"minecraft:stone_pickaxe":33,"minecraft:wooden_pickaxe":12,"minecraft:cobblestone":4,"minecraft:dirt":1,"minecraft:mutton":2,"minecraft:crafting_table":2,"minecraft:furnace":2},"minecraft:crafted":{"biomesoplenty:fir_planks":56,"minecraft:shield":2,"minecraft:crafting_table":2,"minecraft:stick":12,"minecraft:iron_ingot":7,"minecraft:wooden_pickaxe":1,"minecraft:iron_pickaxe":1,"minecraft:stone_pickaxe":1,"minecraft:stone_sword":1,"minecraft:iron_sword":1,"minecraft:furnace":2,"minecraft:stone_axe":1,"minecraft:air":0}},"DataVersion":3120}