{"stats":{"minecraft:killed_by":{"minecraft:skeleton":1,"minecraft:player":4},"minecraft:picked_up":{"minecraft:birch_log":3,"minecraft:stick":2,"minecraft:rotten_flesh":1,"tconstruct:materials_and_you":1},"minecraft:used":{"minecraft:wooden_axe":10,"minecraft:crafting_table":1,"tombstone:gift":1,"evilcraft:flesh_humanoid":1},"minecraft:crafted":{"minecraft:birch_planks":12,"minecraft:crafting_table":1,"minecraft:stick":4,"minecraft:wooden_pickaxe":1,"minecraft:wooden_axe":1},"minecraft:mined":{"minecraft:birch_log":3},"minecraft:killed":{"minecraft:zombie":2},"minecraft:dropped":{"tconstruct:materials_and_you":1},"minecraft:custom":{"minecraft:time_since_rest":1,"tombstone:undead_killed":2,"minecraft:play_time":7386,"minecraft:sprint_one_cm":53055,"minecraft:walk_one_cm":25771,"minecraft:damage_taken":1268,"minecraft:deaths":5,"minecraft:sneak_time":2,"minecraft:mob_kills":2,"minecraft:drop":1,"tombstone:tomb_raiding":3,"minecraft:jump":210,"minecraft:damage_dealt":989,"minecraft:leave_game":1,"minecraft:time_since_death":27,"minecraft:total_world_time":7386,"minecraft:interact_with_crafting_table":1,"minecraft:fall_one_cm":4898,"minecraft:fly_one_cm":53877,"minecraft:player_kills":4}},"DataVersion":3120}