{"stats":{"minecraft:picked_up":{"chococraft:loverly_gysahl_green":1,"minecraft:crafting_table":2,"minecraft:wither_rose":1,"minecraft:gold_block":2,"minecraft:string":13,"minecraft:beef":13,"born_in_chaos_v1:gnawed_bones":1,"minecraft:iron_nugget":3,"minecraft:chest":1,"minecraft:raw_iron":45,"minecraft:torch":1,"botania:purple_mushroom":1,"botania:black_mushroom":1,"iceandfire:silver_ore":12,"minecraft:porkchop":6,"farmersdelight:tomato_seeds":1,"tombstone:grave_dust":2,"minecraft:diorite":4,"minecraft:carrot":5,"minecraft:arrow":4,"minecraft:rotten_flesh":6,"farmersdelight:onion":5,"create:veridium":1,"minecraft:mutton":7,"minecraft:rail":1,"minecraft:white_wool":4,"minecraft:cobblestone":80,"born_in_chaos_v1:corpse_maggot":12,"minecraft:andesite":1,"minecraft:leather":7,"minecraft:potato":4,"biomesoplenty:fir_log":14,"minecraft:tuff":1,"create:raw_zinc":4,"minecraft:oak_log":1,"minecraft:lapis_lazuli":9,"minecraft:dirt":27,"tombstone:gift":1,"chococraft:chocobo_feather":2,"minecraft:bone":7,"chococraft:gysahl_green":5,"minecraft:wheat_seeds":1,"biomesoplenty:cherry_log":2,"minecraft:poisonous_potato":1,"minecraft:amethyst_shard":4,"chococraft:gysahl_green_seeds":5,"minecraft:spruce_sapling":2,"minecraft:spruce_log":1,"minecraft:spider_eye":2,"minecraft:bundle":1,"evilcraft:dark_gem":9,"minecraft:granite":18,"minecraft:oak_sapling":3,"minecraft:coal":48},"minecraft:custom":{"minecraft:mob_kills":49,"minecraft:interact_with_crafting_table":30,"minecraft:open_barrel":37,"minecraft:damage_dealt_resisted":1017,"minecraft:leave_game":1,"minecraft:time_since_death":64510,"minecraft:climb_one_cm":3484,"minecraft:sprint_one_cm":460008,"minecraft:walk_one_cm":381727,"minecraft:damage_blocked_by_shield":239,"minecraft:drop":32,"minecraft:play_time":130803,"minecraft:deaths":2,"minecraft:sneak_time":1973,"minecraft:walk_under_water_one_cm":10087,"minecraft:jump":2378,"minecraft:walk_on_water_one_cm":14618,"minecraft:total_world_time":130803,"minecraft:interact_with_furnace":52,"minecraft:sleep_in_bed":3,"minecraft:time_since_rest":1030,"minecraft:waystone_activated":2,"minecraft:damage_taken":2405,"minecraft:trigger_trapped_chest":2,"minecraft:damage_dealt":9507,"minecraft:player_kills":1,"minecraft:swim_one_cm":4966,"minecraft:fly_one_cm":489632,"minecraft:open_chest":39,"minecraft:crouch_one_cm":7490,"tombstone:undead_killed":14,"minecraft:fall_one_cm":62211},"minecraft:mined":{"create:zinc_ore":6,"minecraft:tuff":1,"biomesoplenty:cherry_log":3,"iceandfire:silver_ore":12,"minecraft:granite":18,"minecraft:grass_block":3,"minecraft:spawner":3,"botania:purple_mushroom":1,"minecraft:iron_ore":47,"minecraft:andesite":1,"evilcraft:dark_ore":2,"minecraft:gold_block":2,"chococraft:gysahl_green":5,"minecraft:rail":1,"minecraft:stone":78,"create:veridium":2,"minecraft:scaffolding":1,"minecraft:crafting_table":2,"minecraft:chest":1,"minecraft:cobblestone":2,"minecraft:lapis_ore":1,"minecraft:diorite":4,"biomesoplenty:fir_log":14,"minecraft:wither_rose":1,"biomesoplenty:clover":1,"minecraft:grass":5,"minecraft:coal_ore":48,"biomesoplenty:fir_leaves":7,"minecraft:dirt":7,"biomesoplenty:umbran_leaves":4,"minecraft:cobweb":12,"minecraft:oak_leaves":4},"minecraft:killed":{"born_in_chaos_v1:zombie_clown":1,"minecraft:cave_spider":3,"born_in_chaos_v1:door_knight_not_despawn":1,"minecraft:spider":3,"minecraft:skeleton":4,"minecraft:drowned":1,"minecraft:pig":3,"born_in_chaos_v1:decrepit_skeleton":3,"minecraft:sheep":4,"minecraft:zombie":2,"iceandfire:ghost":2,"born_in_chaos_v1:dread_hound":2,"born_in_chaos_v1:corpse_fly":9,"minecraft:enderman":1,"minecraft:cow":6,"chococraft:chocobo":3},"minecraft:killed_by":{"irons_spellbooks:pyromancer":1,"iceandfire:ice_dragon":1},"minecraft:dropped":{"farmersdelight:tomato_seeds":1,"minecraft:wheat_seeds":1,"minecraft:poisonous_potato":1,"chococraft:gysahl_green_seeds":1,"minecraft:rail":1,"minecraft:coal":4,"minecraft:dirt":3,"born_in_chaos_v1:gnawed_bones":1,"minecraft:diorite":3,"minecraft:stone_button":1,"minecraft:mutton":5,"tombstone:grave_dust":2,"minecraft:wither_rose":1,"create:raw_zinc":4,"minecraft:spruce_sapling":2,"minecraft:bone":1,"minecraft:iron_nugget":3,"tombstone:gift":2,"minecraft:rotten_flesh":3,"minecraft:carrot":1,"botania:black_mushroom":1,"minecraft:potato":5,"minecraft:shield":1,"minecraft:bundle":1,"minecraft:andesite":1,"minecraft:oak_sapling":3,"minecraft:spider_eye":1,"minecraft:wooden_pickaxe":1,"chococraft:gysahl_green":5},"minecraft:used":{"biomesoplenty:cherry_log":1,"minecraft:stone_sword":14,"create:veridium":1,"minecraft:chest":1,"minecraft:shield":36,"minecraft:iron_sword":122,"minecraft:rotten_flesh":1,"minecraft:torch":3,"minecraft:dirt":14,"minecraft:mutton":2,"warhammersmod:hammer_iron":64,"securitycraft:keypad_item":1,"minecraft:tuff":1,"minecraft:granite":18,"minecraft:furnace":4,"minecraft:cooked_beef":17,"minecraft:cooked_mutton":5,"minecraft:diorite":1,"minecraft:stone_pickaxe":58,"minecraft:wooden_pickaxe":12,"minecraft:crafting_table":8,"minecraft:white_bed":1,"minecraft:bread":19,"minecraft:iron_pickaxe":177,"minecraft:cobblestone":17},"minecraft:crafted":{"minecraft:oak_planks":4,"minecraft:furnace":4,"minecraft:stone_button":9,"minecraft:stone":9,"securitycraft:keypad_item":1,"minecraft:heavy_weighted_pressure_plate":1,"minecraft:cooked_mutton":5,"warhammersmod:hammer_iron":1,"minecraft:iron_boots":1,"minecraft:stone_pickaxe":1,"minecraft:chest":1,"minecraft:cooked_beef":19,"sophisticatedbackpacks:backpack":1,"minecraft:crafting_table":6,"minecraft:spruce_planks":4,"minecraft:wooden_pickaxe":1,"minecraft:iron_helmet":1,"minecraft:iron_sword":1,"minecraft:stone_axe":1,"minecraft:air":0,"biomesoplenty:fir_planks":56,"minecraft:iron_chestplate":1,"minecraft:shield":2,"minecraft:stick":20,"minecraft:iron_ingot":42,"minecraft:iron_pickaxe":1,"minecraft:stone_sword":1,"minecraft:iron_leggings":1,"minecraft:gold_ingot":18,"minecraft:white_bed":1,"minecraft:torch":24}},"DataVersion":3120}