{"stats":{"minecraft:picked_up":{"minecraft:raw_iron":17,"minecraft:andesite":1,"minecraft:torch":1,"botania:purple_mushroom":1,"iceandfire:silver_ore":5,"biomesoplenty:fir_log":14,"create:raw_zinc":4,"minecraft:diorite":3,"minecraft:lapis_lazuli":9,"minecraft:spider_eye":1,"minecraft:string":11,"minecraft:dirt":1,"minecraft:arrow":1,"minecraft:bone":2,"evilcraft:dark_gem":9,"minecraft:mutton":7,"minecraft:coal":33,"minecraft:rail":1,"minecraft:white_wool":4,"minecraft:cobblestone":40},"minecraft:custom":{"minecraft:time_since_rest":22393,"minecraft:interact_with_furnace":21,"minecraft:sprint_one_cm":43445,"minecraft:damage_taken":230,"minecraft:walk_one_cm":70535,"minecraft:mob_kills":10,"minecraft:drop":4,"minecraft:damage_dealt":1212,"minecraft:swim_one_cm":1645,"minecraft:interact_with_crafting_table":7,"minecraft:fly_one_cm":30423,"minecraft:crouch_one_cm":4308,"minecraft:play_time":22393,"tombstone:undead_killed":2,"minecraft:sneak_time":1056,"minecraft:walk_under_water_one_cm":1930,"minecraft:jump":253,"minecraft:time_since_death":22393,"minecraft:walk_on_water_one_cm":2384,"minecraft:total_world_time":22393,"minecraft:fall_one_cm":4483},"minecraft:mined":{"create:zinc_ore":6,"botania:purple_mushroom":1,"iceandfire:silver_ore":5,"minecraft:iron_ore":17,"minecraft:andesite":1,"evilcraft:dark_ore":2,"biomesoplenty:fir_log":14,"minecraft:rail":1,"minecraft:grass":2,"minecraft:grass_block":2,"minecraft:coal_ore":33,"biomesoplenty:fir_leaves":7,"minecraft:dirt":2,"minecraft:cobweb":12,"minecraft:lapis_ore":1,"minecraft:stone":40,"minecraft:diorite":3},"minecraft:killed":{"minecraft:sheep":4,"minecraft:skeleton":1,"minecraft:cave_spider":3,"minecraft:drowned":1},"minecraft:dropped":{"minecraft:shield":1,"minecraft:mutton":5,"minecraft:coal":4,"create:raw_zinc":4},"minecraft:used":{"minecraft:stone_sword":14,"minecraft:stone_pickaxe":33,"minecraft:iron_pickaxe":65,"minecraft:wooden_pickaxe":12,"minecraft:iron_sword":24,"minecraft:torch":2,"minecraft:cobblestone":4,"minecraft:dirt":1,"minecraft:mutton":2,"minecraft:crafting_table":2,"minecraft:furnace":2,"minecraft:cooked_beef":3},"minecraft:crafted":{"minecraft:cooked_beef":6,"biomesoplenty:fir_planks":56,"minecraft:shield":2,"minecraft:crafting_table":2,"minecraft:stick":16,"minecraft:iron_ingot":7,"minecraft:wooden_pickaxe":1,"minecraft:iron_pickaxe":1,"minecraft:stone_pickaxe":1,"minecraft:stone_sword":1,"minecraft:iron_sword":1,"minecraft:furnace":2,"minecraft:torch":24,"minecraft:stone_axe":1,"minecraft:cooked_mutton":2,"minecraft:air":0}},"DataVersion":3120}