{"stats":{"minecraft:picked_up":{"born_in_chaos_v1:corpse_maggot":3,"minecraft:crafting_table":1,"minecraft:andesite":1,"minecraft:leather":7,"biomesoplenty:fir_log":14,"minecraft:tuff":1,"create:raw_zinc":4,"minecraft:lapis_lazuli":9,"minecraft:dirt":4,"minecraft:string":13,"minecraft:bone":5,"minecraft:beef":13,"minecraft:raw_iron":40,"minecraft:torch":1,"botania:black_mushroom":1,"iceandfire:silver_ore":12,"botania:purple_mushroom":1,"minecraft:porkchop":6,"minecraft:amethyst_shard":4,"minecraft:diorite":4,"minecraft:spider_eye":2,"minecraft:bundle":1,"minecraft:rotten_flesh":3,"minecraft:arrow":2,"evilcraft:dark_gem":9,"minecraft:granite":18,"create:veridium":1,"minecraft:mutton":7,"minecraft:coal":33,"minecraft:white_wool":4,"minecraft:rail":1,"minecraft:cobblestone":72},"minecraft:custom":{"minecraft:interact_with_furnace":36,"minecraft:mob_kills":30,"minecraft:interact_with_crafting_table":16,"minecraft:open_barrel":37,"minecraft:damage_dealt_resisted":1017,"minecraft:time_since_death":8128,"minecraft:climb_one_cm":651,"minecraft:time_since_rest":7712,"minecraft:sprint_one_cm":120161,"minecraft:damage_taken":1012,"minecraft:walk_one_cm":223170,"minecraft:damage_blocked_by_shield":40,"minecraft:trigger_trapped_chest":1,"minecraft:drop":11,"minecraft:damage_dealt":5190,"minecraft:swim_one_cm":1645,"minecraft:fly_one_cm":108654,"minecraft:open_chest":10,"minecraft:crouch_one_cm":6598,"minecraft:play_time":58393,"tombstone:undead_killed":7,"minecraft:deaths":1,"minecraft:sneak_time":1527,"minecraft:walk_under_water_one_cm":2274,"minecraft:jump":731,"minecraft:walk_on_water_one_cm":6384,"minecraft:total_world_time":58393,"minecraft:fall_one_cm":17372},"minecraft:mined":{"create:zinc_ore":6,"minecraft:tuff":1,"iceandfire:silver_ore":12,"minecraft:crafting_table":1,"minecraft:granite":18,"minecraft:grass_block":2,"minecraft:lapis_ore":1,"minecraft:diorite":4,"minecraft:spawner":3,"botania:purple_mushroom":1,"minecraft:iron_ore":42,"minecraft:andesite":1,"evilcraft:dark_ore":2,"biomesoplenty:fir_log":14,"minecraft:grass":2,"minecraft:coal_ore":33,"biomesoplenty:fir_leaves":7,"minecraft:rail":1,"minecraft:dirt":5,"minecraft:cobweb":12,"minecraft:stone":72,"create:veridium":2},"minecraft:killed":{"minecraft:cave_spider":3,"minecraft:pig":3,"born_in_chaos_v1:door_knight_not_despawn":1,"minecraft:spider":3,"born_in_chaos_v1:decrepit_skeleton":2,"minecraft:skeleton":2,"minecraft:sheep":4,"iceandfire:ghost":1,"born_in_chaos_v1:corpse_fly":3,"minecraft:drowned":1,"minecraft:cow":6},"minecraft:dropped":{"minecraft:rail":1,"minecraft:coal":4,"botania:black_mushroom":1,"minecraft:dirt":3,"minecraft:shield":1,"minecraft:bundle":1,"minecraft:diorite":3,"minecraft:mutton":5,"minecraft:andesite":1,"minecraft:wooden_pickaxe":1,"create:raw_zinc":4},"minecraft:killed_by":{"irons_spellbooks:pyromancer":1},"minecraft:used":{"minecraft:cooked_mutton":5,"minecraft:diorite":1,"minecraft:stone_sword":14,"minecraft:stone_pickaxe":58,"create:veridium":1,"minecraft:shield":1,"minecraft:wooden_pickaxe":12,"minecraft:iron_sword":74,"minecraft:torch":3,"minecraft:dirt":1,"minecraft:mutton":2,"warhammersmod:hammer_iron":28,"minecraft:crafting_table":4,"minecraft:tuff":1,"minecraft:bread":4,"minecraft:iron_pickaxe":135,"minecraft:cobblestone":4,"minecraft:furnace":2,"minecraft:cooked_beef":6},"minecraft:crafted":{"minecraft:cooked_beef":6,"sophisticatedbackpacks:backpack":1,"minecraft:crafting_table":4,"minecraft:iron_helmet":1,"minecraft:wooden_pickaxe":1,"minecraft:iron_sword":1,"minecraft:furnace":2,"minecraft:stone_axe":1,"minecraft:cooked_mutton":5,"minecraft:air":0,"warhammersmod:hammer_iron":1,"biomesoplenty:fir_planks":56,"minecraft:iron_boots":1,"minecraft:iron_chestplate":1,"minecraft:shield":2,"minecraft:stick":20,"minecraft:iron_ingot":39,"minecraft:iron_pickaxe":1,"minecraft:stone_pickaxe":1,"minecraft:stone_sword":1,"minecraft:chest":1,"minecraft:iron_leggings":1,"minecraft:torch":24}},"DataVersion":3120}