{"stats":{"minecraft:picked_up":{"born_in_chaos_v1:corpse_maggot":3,"minecraft:crafting_table":2,"minecraft:andesite":1,"minecraft:leather":7,"minecraft:wither_rose":1,"biomesoplenty:fir_log":14,"minecraft:tuff":1,"create:raw_zinc":4,"minecraft:oak_log":1,"minecraft:lapis_lazuli":9,"minecraft:dirt":20,"minecraft:string":13,"minecraft:bone":6,"minecraft:wheat_seeds":1,"minecraft:beef":13,"born_in_chaos_v1:gnawed_bones":1,"minecraft:raw_iron":45,"minecraft:torch":1,"botania:black_mushroom":1,"iceandfire:silver_ore":12,"botania:purple_mushroom":1,"minecraft:porkchop":6,"minecraft:amethyst_shard":4,"minecraft:spruce_sapling":2,"minecraft:diorite":4,"minecraft:spruce_log":1,"minecraft:spider_eye":2,"minecraft:bundle":1,"minecraft:rotten_flesh":3,"minecraft:arrow":4,"evilcraft:dark_gem":9,"minecraft:granite":18,"create:veridium":1,"minecraft:oak_sapling":1,"minecraft:mutton":7,"minecraft:coal":48,"minecraft:white_wool":4,"minecraft:rail":1,"minecraft:cobblestone":78},"minecraft:custom":{"minecraft:interact_with_furnace":41,"minecraft:mob_kills":34,"minecraft:interact_with_crafting_table":17,"minecraft:open_barrel":37,"minecraft:damage_dealt_resisted":1017,"minecraft:time_since_death":16100,"minecraft:climb_one_cm":705,"minecraft:time_since_rest":15644,"minecraft:waystone_activated":1,"minecraft:sprint_one_cm":251000,"minecraft:damage_taken":1594,"minecraft:walk_one_cm":266344,"minecraft:damage_blocked_by_shield":239,"minecraft:trigger_trapped_chest":2,"minecraft:drop":13,"minecraft:damage_dealt":6303,"minecraft:swim_one_cm":4336,"minecraft:fly_one_cm":254689,"minecraft:open_chest":20,"minecraft:crouch_one_cm":6601,"minecraft:play_time":82393,"tombstone:undead_killed":10,"minecraft:deaths":2,"minecraft:sneak_time":1540,"minecraft:walk_under_water_one_cm":10025,"minecraft:jump":1346,"minecraft:walk_on_water_one_cm":13939,"minecraft:total_world_time":82393,"minecraft:fall_one_cm":34340},"minecraft:mined":{"create:zinc_ore":6,"minecraft:tuff":1,"iceandfire:silver_ore":12,"minecraft:crafting_table":2,"minecraft:granite":18,"minecraft:grass_block":2,"minecraft:lapis_ore":1,"minecraft:diorite":4,"minecraft:spawner":3,"botania:purple_mushroom":1,"minecraft:iron_ore":47,"minecraft:andesite":1,"evilcraft:dark_ore":2,"minecraft:wither_rose":1,"biomesoplenty:fir_log":14,"minecraft:grass":2,"minecraft:coal_ore":48,"biomesoplenty:fir_leaves":7,"minecraft:rail":1,"minecraft:dirt":5,"biomesoplenty:umbran_leaves":4,"minecraft:cobweb":12,"minecraft:stone":78,"create:veridium":2,"minecraft:oak_leaves":4},"minecraft:killed":{"minecraft:cave_spider":3,"minecraft:pig":3,"born_in_chaos_v1:door_knight_not_despawn":1,"minecraft:spider":3,"born_in_chaos_v1:decrepit_skeleton":2,"minecraft:skeleton":4,"minecraft:sheep":4,"born_in_chaos_v1:dread_hound":1,"iceandfire:ghost":2,"born_in_chaos_v1:corpse_fly":3,"minecraft:drowned":1,"minecraft:cow":6},"minecraft:killed_by":{"irons_spellbooks:pyromancer":1,"iceandfire:ice_dragon":1},"minecraft:dropped":{"tombstone:gift":1,"minecraft:rail":1,"minecraft:coal":4,"botania:black_mushroom":1,"minecraft:dirt":3,"minecraft:shield":1,"minecraft:bundle":1,"minecraft:diorite":3,"minecraft:mutton":5,"minecraft:andesite":1,"minecraft:spider_eye":1,"minecraft:wooden_pickaxe":1,"create:raw_zinc":4},"minecraft:used":{"minecraft:cooked_mutton":5,"minecraft:diorite":1,"minecraft:stone_sword":14,"minecraft:stone_pickaxe":58,"create:veridium":1,"minecraft:shield":36,"minecraft:wooden_pickaxe":12,"minecraft:iron_sword":82,"minecraft:torch":3,"minecraft:dirt":1,"minecraft:mutton":2,"warhammersmod:hammer_iron":39,"minecraft:crafting_table":5,"minecraft:tuff":1,"minecraft:granite":18,"minecraft:bread":5,"minecraft:iron_pickaxe":164,"minecraft:cobblestone":17,"minecraft:furnace":3,"minecraft:cooked_beef":13},"minecraft:crafted":{"minecraft:cooked_beef":19,"sophisticatedbackpacks:backpack":1,"minecraft:crafting_table":5,"minecraft:iron_helmet":1,"minecraft:wooden_pickaxe":1,"minecraft:iron_sword":1,"minecraft:furnace":3,"minecraft:stone_axe":1,"minecraft:cooked_mutton":5,"minecraft:air":0,"warhammersmod:hammer_iron":1,"biomesoplenty:fir_planks":56,"minecraft:iron_boots":1,"minecraft:iron_chestplate":1,"minecraft:shield":2,"minecraft:stick":20,"minecraft:iron_ingot":39,"minecraft:iron_pickaxe":1,"minecraft:stone_pickaxe":1,"minecraft:stone_sword":1,"minecraft:chest":1,"minecraft:iron_leggings":1,"minecraft:torch":24}},"DataVersion":3120}