{"stats":{"minecraft:picked_up":{"irons_spellbooks:scroll":2,"chococraft:loverly_gysahl_green":3,"minecraft:wither_rose":1,"minecraft:string":33,"create:limestone":2,"minecraft:iron_leggings":1,"irons_spellbooks:arcane_essence":2,"minecraft:cobbled_deepslate":422,"minecraft:furnace":3,"minecraft:stick":140,"iceandfire:ghost_chest":1,"born_in_chaos_v1:shattered_skull":1,"minecraft:torch":16,"botania:black_mushroom":1,"iceandfire:silver_ore":24,"minecraft:porkchop":6,"tombstone:grave_dust":9,"minecraft:diorite":206,"minecraft:rotten_flesh":30,"farmersdelight:onion":5,"create:veridium":24,"biomesoplenty:pink_cherry_sapling":103,"minecraft:cobblestone":1204,"minecraft:magma_block":4,"minecraft:feather":2,"minecraft:lilac":157,"minecraft:andesite":70,"minecraft:smoker":1,"minecraft:potato":4,"biomesoplenty:fir_log":14,"minecraft:flint":8,"minecraft:tuff":22,"create:raw_zinc":6,"minecraft:lapis_lazuli":9,"minecraft:dirt":12854,"minecraft:bone":28,"minecraft:wheat_seeds":137,"minecraft:raw_gold":18,"biomesoplenty:cherry_log":1043,"minecraft:oak_planks":4,"botania:red_mystical_flower":1,"minecraft:poisonous_potato":1,"biomesoplenty:white_cherry_sapling":90,"sophisticatedbackpacks:iron_backpack":1,"minecraft:lily_of_the_valley":13,"minecraft:bundle":3,"minecraft:diamond":14,"minecraft:granite":80,"minecraft:emerald":6,"biomesoplenty:pink_daffodil":15,"minecraft:oak_sapling":11,"minecraft:diamond_pickaxe":1,"minecraft:crafting_table":13,"born_in_chaos_v1:diamond_termite_shard":9,"minecraft:chicken":1,"minecraft:gold_block":2,"minecraft:red_bed":2,"farmersdelight:beef_patty":9,"minecraft:beef":17,"born_in_chaos_v1:gnawed_bones":1,"minecraft:iron_nugget":3,"biomesoplenty:cherry_planks":16,"minecraft:chest":4,"biomesoplenty:hanging_cobweb":6,"minecraft:raw_iron":130,"iceandfire:troll_tusk":4,"botania:purple_mushroom":1,"farmersdelight:tomato_seeds":1,"born_in_chaos_v1:pieceofdarkmetal":6,"minecraft:carrot":5,"minecraft:redstone":126,"minecraft:arrow":14,"minecraft:peony":40,"minecraft:gold_ingot":46,"minecraft:mutton":19,"minecraft:rail":1,"minecraft:white_wool":12,"born_in_chaos_v1:corpse_maggot":14,"minecraft:leather":13,"minecraft:red_mushroom":2,"minecraft:oak_log":55,"minecraft:golden_boots":1,"minecraft:gunpowder":2,"minecraft:white_banner":1,"tombstone:gift":2,"chococraft:chocobo_feather":2,"chococraft:gysahl_green":5,"minecraft:apple":2,"minecraft:iron_ingot":9,"tombstone:bag_of_seeds":1,"minecraft:smooth_basalt":9,"born_in_chaos_v1:ethereal_spirit":3,"minecraft:gravel":43,"minecraft:amethyst_shard":4,"minecraft:spruce_sapling":2,"chococraft:gysahl_green_seeds":6,"minecraft:white_bed":2,"minecraft:spruce_log":1,"minecraft:spider_eye":4,"biomesoplenty:flowering_oak_sapling":4,"minecraft:slime_ball":2,"evilcraft:dark_gem":13,"tombstone:magic_scroll":1,"minecraft:coal":178},"minecraft:broken":{"minecraft:iron_shovel":14,"minecraft:iron_boots":1,"minecraft:iron_chestplate":1,"minecraft:iron_leggings":1,"minecraft:stone_pickaxe":2,"minecraft:iron_sword":1,"iceandfire:silver_shovel":10,"warhammersmod:hammer_iron":2,"minecraft:stone_shovel":30,"minecraft:iron_axe":4,"minecraft:iron_pickaxe":3,"minecraft:iron_helmet":1},"minecraft:custom":{"minecraft:interact_with_crafting_table":94,"minecraft:open_barrel":37,"minecraft:leave_game":7,"minecraft:time_since_death":20236,"minecraft:sprint_one_cm":1495322,"minecraft:damage_blocked_by_shield":1539,"minecraft:drop":222,"minecraft:talked_to_villager":1,"minecraft:play_time":728736,"minecraft:deaths":16,"minecraft:jump":8622,"minecraft:walk_on_water_one_cm":29573,"minecraft:interact_with_furnace":121,"minecraft:sleep_in_bed":39,"minecraft:waystone_activated":4,"minecraft:damage_dealt":32598,"minecraft:player_kills":1,"minecraft:crouch_one_cm":14062,"tombstone:undead_killed":75,"minecraft:interact_with_smoker":10,"minecraft:mob_kills":205,"minecraft:damage_dealt_resisted":2444,"minecraft:climb_one_cm":3648,"minecraft:walk_one_cm":2180130,"minecraft:damage_dealt_absorbed":238,"minecraft:sneak_time":4632,"minecraft:walk_under_water_one_cm":18600,"minecraft:total_world_time":728736,"tombstone:raider_killed":15,"minecraft:time_since_rest":19877,"minecraft:damage_taken":9369,"minecraft:trigger_trapped_chest":2,"minecraft:swim_one_cm":11905,"minecraft:fly_one_cm":1599119,"minecraft:open_chest":222,"minecraft:fall_one_cm":180107},"minecraft:crafted":{"minecraft:oak_planks":52,"biomesoplenty:cherry_planks":168,"minecraft:cooked_chicken":1,"iceandfire:silver_shovel":10,"minecraft:stone":9,"securitycraft:keypad_item":1,"minecraft:heavy_weighted_pressure_plate":1,"minecraft:cooked_mutton":25,"minecraft:bow":1,"minecraft:iron_boots":2,"minecraft:chest":12,"iceandfire:silver_axe":2,"sophisticatedbackpacks:backpack":1,"minecraft:cooked_porkchop":11,"minecraft:crafting_table":11,"minecraft:spruce_planks":4,"minecraft:iron_helmet":2,"minecraft:wooden_pickaxe":1,"farmersdelight:beef_patty":9,"biomesoplenty:fir_planks":56,"minecraft:iron_chestplate":2,"minecraft:diamond_pickaxe":2,"minecraft:shield":3,"minecraft:stick":88,"minecraft:iron_pickaxe":3,"minecraft:iron_ingot":123,"minecraft:stone_sword":1,"minecraft:gold_ingot":36,"minecraft:shears":1,"minecraft:stone_shovel":31,"minecraft:furnace":7,"minecraft:stone_button":9,"warhammersmod:hammer_iron":2,"minecraft:diamond":1,"minecraft:iron_axe":5,"securitycraft:universal_block_remover":1,"minecraft:stone_pickaxe":3,"minecraft:cooked_beef":24,"farmersdelight:cooked_mutton_chops":10,"securitycraft:universal_block_modifier":1,"iceandfire:silver_ingot":12,"minecraft:iron_sword":2,"minecraft:bucket":1,"minecraft:stone_axe":1,"minecraft:air":0,"minecraft:iron_shovel":14,"minecraft:iron_leggings":3,"minecraft:white_bed":1,"minecraft:torch":112},"minecraft:dropped":{"chococraft:loverly_gysahl_green":3,"biomesoplenty:pink_daffodil":15,"biomesoplenty:hanging_cobweb":6,"botania:red_mystical_flower":1,"born_in_chaos_v1:pieceofdarkmetal":4,"minecraft:rail":1,"farmersdelight:beef_patty":9,"minecraft:red_mushroom":2,"minecraft:flint":3,"minecraft:dirt":14,"minecraft:stone_button":1,"minecraft:mutton":5,"biomesoplenty:flowering_oak_sapling":4,"irons_spellbooks:arcane_essence":2,"minecraft:white_wool":1,"minecraft:bone":10,"minecraft:gravel":1,"minecraft:iron_nugget":3,"born_in_chaos_v1:ethereal_spirit":3,"tombstone:gift":4,"minecraft:rotten_flesh":14,"minecraft:oak_planks":4,"minecraft:carrot":1,"botania:black_mushroom":1,"iceandfire:ghost_chest":1,"biomesoplenty:pink_cherry_sapling":26,"born_in_chaos_v1:corpse_maggot":11,"farmersdelight:tomato_seeds":4,"minecraft:golden_boots":1,"minecraft:wheat_seeds":112,"minecraft:lilac":147,"mowziesmobs:foliaath_seed":3,"minecraft:poisonous_potato":1,"chococraft:gysahl_green_seeds":2,"evilcraft:dark_gem":4,"minecraft:coal":4,"born_in_chaos_v1:gnawed_bones":1,"minecraft:diorite":3,"minecraft:torch":6,"tombstone:grave_dust":7,"minecraft:wither_rose":1,"minecraft:white_banner":1,"minecraft:iron_axe":1,"minecraft:string":13,"create:raw_zinc":4,"minecraft:spruce_sapling":2,"minecraft:redstone":14,"biomesoplenty:white_cherry_sapling":71,"iceandfire:troll_tusk":4,"minecraft:pumpkin_seeds":1,"minecraft:lily_of_the_valley":13,"minecraft:potato":5,"minecraft:shield":1,"minecraft:peony":39,"minecraft:bundle":2,"minecraft:andesite":1,"minecraft:oak_sapling":11,"minecraft:spider_eye":3,"minecraft:wooden_pickaxe":1,"chococraft:gysahl_green":5},"minecraft:used":{"minecraft:iron_shovel":3590,"minecraft:chest":15,"minecraft:shield":62,"minecraft:iron_sword":362,"minecraft:rotten_flesh":1,"minecraft:mutton":2,"securitycraft:keypad_item":1,"minecraft:tuff":1,"minecraft:bow":28,"minecraft:furnace":9,"minecraft:diorite":1,"minecraft:stone_pickaxe":320,"minecraft:wooden_pickaxe":12,"iceandfire:silver_axe":313,"minecraft:bread":50,"tombstone:grave_key":2,"minecraft:gravel":4,"biomesoplenty:cherry_log":35,"minecraft:stone_sword":14,"minecraft:stone_shovel":3997,"create:veridium":24,"minecraft:cooked_chicken":1,"minecraft:torch":97,"minecraft:dirt":1435,"warhammersmod:hammer_iron":256,"minecraft:granite":18,"farmersdelight:beef_patty":9,"minecraft:iron_axe":1253,"tombstone:gift":5,"farmersdelight:cooked_mutton_chops":10,"minecraft:cooked_beef":23,"minecraft:cobbled_deepslate":32,"minecraft:iron_leggings":1,"minecraft:cooked_mutton":16,"minecraft:water_bucket":2,"minecraft:crafting_table":23,"minecraft:red_bed":2,"minecraft:white_bed":3,"minecraft:smoker":1,"minecraft:oak_log":5,"tombstone:bag_of_seeds":1,"minecraft:diamond_pickaxe":1685,"minecraft:iron_pickaxe":761,"minecraft:cobblestone":72,"minecraft:cooked_porkchop":11,"minecraft:bucket":3,"iceandfire:silver_shovel":4697},"minecraft:killed_by":{"irons_spellbooks:pyromancer":1,"born_in_chaos_v1:baby_skeleton":1,"born_in_chaos_v1:diamond_termite":1,"iceandfire:ice_dragon":1,"minecraft:zombie":5,"born_in_chaos_v1:decaying_zombie":1,"minecraft:skeleton":3,"iceandfire:troll":1},"minecraft:killed":{"born_in_chaos_v1:zombie_clown":1,"minecraft:cave_spider":6,"minecraft:witch":1,"born_in_chaos_v1:restless_spirit":3,"born_in_chaos_v1:door_knight_not_despawn":1,"minecraft:spider":8,"minecraft:skeleton":19,"minecraft:bee":3,"minecraft:chicken":1,"born_in_chaos_v1:skeleton_thrasher":1,"minecraft:silverfish":4,"born_in_chaos_v1:baby_skeleton_2":4,"minecraft:pig":3,"minecraft:zombie_villager":1,"born_in_chaos_v1:diamond_termite":11,"born_in_chaos_v1:wither_scuttler":2,"irons_spellbooks:necromancer":1,"minecraft:creeper":4,"born_in_chaos_v1:shy_spirit":1,"minecraft:sheep":12,"minecraft:pillager":5,"minecraft:zombie":33,"born_in_chaos_v1:dread_hound":3,"born_in_chaos_v1:corpse_fly":19,"born_in_chaos_v1:door_knight":1,"minecraft:cow":9,"chococraft:chocobo":3,"born_in_chaos_v1:maggot":23,"minecraft:drowned":1,"born_in_chaos_v1:baby_skeleton":1,"born_in_chaos_v1:swarmer":1,"iceandfire:troll":1,"minecraft:bat":1,"born_in_chaos_v1:decrepit_skeleton":8,"iceandfire:ghost":2,"minecraft:enderman":1},"minecraft:mined":{"biomesoplenty:cherry_log":1096,"minecraft:white_bed":2,"minecraft:granite":97,"minecraft:grass_block":5098,"biomesoplenty:flowering_oak_leaves":3,"minecraft:spawner":4,"minecraft:magma_block":5,"minecraft:iron_ore":101,"minecraft:cobbled_deepslate":1,"biomesoplenty:hanging_cobweb":2,"chococraft:gysahl_green":6,"biomesoplenty:pink_cherry_leaves":270,"create:veridium":26,"create:limestone":4,"minecraft:deepslate_redstone_ore":12,"minecraft:red_bed":2,"minecraft:smoker":1,"biomesoplenty:hanging_cobweb_strand":1,"born_in_chaos_v1:infected_deepslate_diamond_ore":5,"minecraft:chest":3,"minecraft:cobblestone":82,"minecraft:wall_torch":3,"minecraft:lilac":84,"biomesoplenty:fir_log":14,"minecraft:wither_rose":1,"minecraft:grass":149,"biomesoplenty:clover":122,"minecraft:oak_log":53,"minecraft:dirt":6952,"biomesoplenty:umbran_leaves":4,"minecraft:smooth_basalt":9,"create:crimsite":1,"minecraft:oak_leaves":30,"minecraft:deepslate":427,"minecraft:infested_deepslate":1,"create:zinc_ore":8,"minecraft:tuff":22,"iceandfire:silver_ore":14,"minecraft:deepslate_diamond_ore":10,"botania:purple_mushroom":1,"minecraft:furnace":2,"minecraft:andesite":71,"evilcraft:dark_ore":3,"minecraft:peony":12,"minecraft:gold_block":2,"minecraft:deepslate_iron_ore":35,"minecraft:rail":1,"biomesoplenty:spider_egg":1,"minecraft:stone":1405,"minecraft:scaffolding":1,"minecraft:lily_of_the_valley":8,"minecraft:crafting_table":13,"minecraft:copper_ore":5,"minecraft:lapis_ore":1,"minecraft:deepslate_gold_ore":18,"minecraft:diorite":206,"biomesoplenty:white_cherry_leaves":166,"biomesoplenty:pink_daffodil":10,"minecraft:bee_nest":1,"minecraft:coal_ore":149,"biomesoplenty:fir_leaves":7,"minecraft:gravel":91,"minecraft:cobweb":12,"minecraft:infested_stone":4,"minecraft:fern":1}},"DataVersion":3120}