{"stats":{"minecraft:picked_up":{"irons_spellbooks:scroll":2,"minecraft:crafting_table":9,"born_in_chaos_v1:diamond_termite_shard":9,"chococraft:loverly_gysahl_green":3,"minecraft:chicken":1,"minecraft:wither_rose":1,"minecraft:gold_block":2,"minecraft:red_bed":1,"minecraft:string":33,"create:limestone":2,"minecraft:iron_leggings":1,"irons_spellbooks:arcane_essence":2,"farmersdelight:beef_patty":9,"minecraft:cobbled_deepslate":316,"minecraft:beef":14,"born_in_chaos_v1:gnawed_bones":1,"biomesoplenty:cherry_planks":16,"minecraft:iron_nugget":3,"minecraft:chest":2,"biomesoplenty:hanging_cobweb":6,"minecraft:furnace":2,"born_in_chaos_v1:shattered_skull":1,"minecraft:stick":82,"minecraft:raw_iron":94,"iceandfire:ghost_chest":1,"iceandfire:troll_tusk":4,"minecraft:torch":1,"botania:black_mushroom":1,"botania:purple_mushroom":1,"iceandfire:silver_ore":24,"minecraft:porkchop":6,"farmersdelight:tomato_seeds":1,"tombstone:grave_dust":9,"minecraft:diorite":176,"born_in_chaos_v1:pieceofdarkmetal":6,"minecraft:carrot":5,"minecraft:redstone":126,"minecraft:arrow":9,"minecraft:rotten_flesh":23,"minecraft:peony":11,"farmersdelight:onion":5,"create:veridium":1,"minecraft:gold_ingot":46,"biomesoplenty:pink_cherry_sapling":83,"minecraft:mutton":10,"minecraft:rail":1,"minecraft:white_wool":6,"minecraft:cobblestone":731,"minecraft:magma_block":4,"born_in_chaos_v1:corpse_maggot":14,"minecraft:feather":2,"minecraft:lilac":90,"minecraft:andesite":31,"minecraft:leather":12,"minecraft:smoker":1,"minecraft:red_mushroom":2,"minecraft:potato":4,"biomesoplenty:fir_log":14,"minecraft:flint":4,"minecraft:tuff":1,"create:raw_zinc":4,"minecraft:oak_log":36,"minecraft:golden_boots":1,"minecraft:lapis_lazuli":9,"minecraft:dirt":2964,"tombstone:gift":2,"chococraft:chocobo_feather":2,"minecraft:bone":20,"chococraft:gysahl_green":5,"minecraft:apple":2,"minecraft:wheat_seeds":60,"minecraft:raw_gold":18,"tombstone:bag_of_seeds":1,"minecraft:oak_planks":4,"biomesoplenty:cherry_log":759,"minecraft:lily_of_the_valley":6,"born_in_chaos_v1:ethereal_spirit":1,"minecraft:poisonous_potato":1,"minecraft:gravel":7,"minecraft:amethyst_shard":4,"biomesoplenty:white_cherry_sapling":23,"chococraft:gysahl_green_seeds":6,"minecraft:spruce_sapling":2,"minecraft:white_bed":2,"minecraft:spruce_log":1,"minecraft:spider_eye":4,"biomesoplenty:flowering_oak_sapling":2,"minecraft:bundle":1,"minecraft:slime_ball":2,"minecraft:diamond":6,"evilcraft:dark_gem":9,"minecraft:granite":48,"minecraft:emerald":6,"biomesoplenty:pink_daffodil":8,"tombstone:magic_scroll":1,"minecraft:oak_sapling":7,"minecraft:coal":160},"minecraft:broken":{"minecraft:iron_shovel":9,"minecraft:iron_boots":1,"minecraft:iron_chestplate":1,"minecraft:iron_leggings":1,"minecraft:iron_axe":3,"minecraft:iron_sword":1,"minecraft:iron_pickaxe":2,"minecraft:iron_helmet":1,"iceandfire:silver_shovel":1,"warhammersmod:hammer_iron":1},"minecraft:custom":{"minecraft:mob_kills":153,"minecraft:interact_with_crafting_table":60,"minecraft:open_barrel":37,"minecraft:damage_dealt_resisted":2444,"minecraft:leave_game":4,"minecraft:time_since_death":64599,"minecraft:climb_one_cm":3484,"minecraft:sprint_one_cm":1041851,"minecraft:walk_one_cm":1250537,"minecraft:damage_blocked_by_shield":239,"minecraft:drop":151,"minecraft:talked_to_villager":1,"minecraft:play_time":463735,"minecraft:sneak_time":2994,"minecraft:deaths":10,"minecraft:walk_under_water_one_cm":16956,"minecraft:jump":5826,"minecraft:walk_on_water_one_cm":26474,"minecraft:total_world_time":463735,"minecraft:interact_with_furnace":85,"tombstone:raider_killed":9,"minecraft:sleep_in_bed":21,"minecraft:time_since_rest":10027,"minecraft:waystone_activated":3,"minecraft:damage_taken":7023,"minecraft:trigger_trapped_chest":2,"minecraft:damage_dealt":23764,"minecraft:player_kills":1,"minecraft:swim_one_cm":11776,"minecraft:fly_one_cm":1039827,"minecraft:open_chest":103,"minecraft:crouch_one_cm":8801,"tombstone:undead_killed":55,"minecraft:interact_with_smoker":10,"minecraft:fall_one_cm":127622},"minecraft:crafted":{"minecraft:oak_planks":32,"biomesoplenty:cherry_planks":168,"minecraft:cooked_chicken":1,"iceandfire:silver_shovel":2,"minecraft:furnace":5,"minecraft:stone_button":9,"minecraft:stone":9,"securitycraft:keypad_item":1,"minecraft:heavy_weighted_pressure_plate":1,"warhammersmod:hammer_iron":2,"minecraft:cooked_mutton":10,"minecraft:diamond":1,"minecraft:bow":1,"minecraft:iron_boots":2,"minecraft:iron_axe":5,"minecraft:stone_pickaxe":1,"minecraft:chest":6,"minecraft:cooked_beef":21,"farmersdelight:cooked_mutton_chops":10,"sophisticatedbackpacks:backpack":1,"minecraft:cooked_porkchop":5,"minecraft:crafting_table":9,"minecraft:spruce_planks":4,"minecraft:wooden_pickaxe":1,"minecraft:iron_helmet":2,"minecraft:iron_sword":1,"minecraft:stone_axe":1,"farmersdelight:beef_patty":9,"minecraft:air":0,"biomesoplenty:fir_planks":56,"minecraft:diamond_pickaxe":1,"minecraft:iron_chestplate":1,"minecraft:shield":2,"minecraft:stick":64,"minecraft:iron_ingot":96,"minecraft:iron_pickaxe":2,"minecraft:iron_shovel":9,"minecraft:stone_sword":1,"minecraft:iron_leggings":3,"minecraft:gold_ingot":36,"minecraft:white_bed":1,"minecraft:torch":64},"minecraft:dropped":{"farmersdelight:tomato_seeds":4,"minecraft:golden_boots":1,"chococraft:loverly_gysahl_green":3,"minecraft:wheat_seeds":47,"biomesoplenty:pink_daffodil":8,"minecraft:lilac":84,"biomesoplenty:hanging_cobweb":6,"mowziesmobs:foliaath_seed":3,"minecraft:poisonous_potato":1,"chococraft:gysahl_green_seeds":2,"born_in_chaos_v1:pieceofdarkmetal":4,"minecraft:rail":1,"farmersdelight:beef_patty":9,"minecraft:coal":4,"minecraft:red_mushroom":2,"minecraft:flint":2,"minecraft:dirt":5,"born_in_chaos_v1:gnawed_bones":1,"minecraft:diorite":3,"minecraft:stone_button":1,"minecraft:mutton":5,"biomesoplenty:flowering_oak_sapling":2,"tombstone:grave_dust":7,"irons_spellbooks:arcane_essence":2,"minecraft:wither_rose":1,"minecraft:iron_axe":1,"minecraft:string":13,"minecraft:white_wool":1,"create:raw_zinc":4,"minecraft:spruce_sapling":2,"minecraft:redstone":14,"minecraft:bone":8,"minecraft:iron_nugget":3,"tombstone:gift":4,"born_in_chaos_v1:ethereal_spirit":1,"biomesoplenty:white_cherry_sapling":5,"minecraft:rotten_flesh":12,"minecraft:oak_planks":4,"iceandfire:troll_tusk":4,"minecraft:pumpkin_seeds":1,"minecraft:carrot":1,"minecraft:lily_of_the_valley":6,"botania:black_mushroom":1,"minecraft:potato":5,"iceandfire:ghost_chest":1,"minecraft:shield":1,"minecraft:peony":4,"biomesoplenty:pink_cherry_sapling":12,"minecraft:bundle":1,"minecraft:andesite":1,"born_in_chaos_v1:corpse_maggot":11,"minecraft:oak_sapling":7,"minecraft:spider_eye":3,"minecraft:wooden_pickaxe":1,"chococraft:gysahl_green":5},"minecraft:used":{"biomesoplenty:cherry_log":35,"minecraft:iron_shovel":2340,"minecraft:stone_sword":14,"create:veridium":1,"minecraft:chest":7,"minecraft:shield":36,"minecraft:iron_sword":236,"minecraft:rotten_flesh":1,"minecraft:torch":42,"minecraft:dirt":1292,"minecraft:mutton":2,"warhammersmod:hammer_iron":207,"securitycraft:keypad_item":1,"minecraft:tuff":1,"minecraft:granite":18,"farmersdelight:beef_patty":9,"minecraft:iron_axe":1127,"minecraft:bow":24,"minecraft:furnace":7,"farmersdelight:cooked_mutton_chops":10,"tombstone:gift":4,"minecraft:cooked_beef":21,"minecraft:cobbled_deepslate":18,"minecraft:iron_leggings":1,"minecraft:cooked_mutton":7,"minecraft:diorite":1,"minecraft:stone_pickaxe":58,"minecraft:wooden_pickaxe":12,"minecraft:crafting_table":17,"minecraft:red_bed":1,"minecraft:white_bed":3,"minecraft:smoker":1,"minecraft:oak_log":5,"tombstone:bag_of_seeds":1,"minecraft:diamond_pickaxe":1375,"minecraft:iron_pickaxe":511,"tombstone:grave_key":2,"minecraft:bread":48,"minecraft:gravel":4,"minecraft:cobblestone":68,"minecraft:cooked_porkchop":5,"iceandfire:silver_shovel":859},"minecraft:killed_by":{"irons_spellbooks:pyromancer":1,"born_in_chaos_v1:baby_skeleton":1,"born_in_chaos_v1:decaying_zombie":1,"born_in_chaos_v1:diamond_termite":1,"iceandfire:ice_dragon":1,"minecraft:zombie":4,"iceandfire:troll":1},"minecraft:killed":{"born_in_chaos_v1:zombie_clown":1,"minecraft:cave_spider":6,"born_in_chaos_v1:restless_spirit":1,"born_in_chaos_v1:door_knight_not_despawn":1,"minecraft:spider":8,"born_in_chaos_v1:maggot":19,"minecraft:skeleton":11,"minecraft:chicken":1,"born_in_chaos_v1:skeleton_thrasher":1,"minecraft:silverfish":3,"born_in_chaos_v1:baby_skeleton_2":2,"minecraft:drowned":1,"minecraft:pig":3,"born_in_chaos_v1:swarmer":1,"born_in_chaos_v1:diamond_termite":11,"born_in_chaos_v1:baby_skeleton":1,"born_in_chaos_v1:wither_scuttler":1,"iceandfire:troll":1,"irons_spellbooks:necromancer":1,"minecraft:creeper":2,"born_in_chaos_v1:decrepit_skeleton":7,"minecraft:sheep":6,"minecraft:zombie":25,"born_in_chaos_v1:dread_hound":3,"iceandfire:ghost":2,"born_in_chaos_v1:corpse_fly":19,"born_in_chaos_v1:door_knight":1,"minecraft:enderman":1,"minecraft:cow":7,"chococraft:chocobo":3},"minecraft:mined":{"create:zinc_ore":6,"minecraft:tuff":1,"minecraft:white_bed":2,"biomesoplenty:cherry_log":797,"iceandfire:silver_ore":14,"minecraft:deepslate_diamond_ore":2,"minecraft:granite":65,"minecraft:grass_block":1861,"biomesoplenty:flowering_oak_leaves":2,"minecraft:spawner":3,"botania:purple_mushroom":1,"minecraft:magma_block":5,"minecraft:furnace":1,"minecraft:iron_ore":94,"minecraft:cobbled_deepslate":1,"minecraft:andesite":31,"evilcraft:dark_ore":2,"minecraft:peony":8,"minecraft:gold_block":2,"biomesoplenty:hanging_cobweb":2,"chococraft:gysahl_green":6,"biomesoplenty:pink_cherry_leaves":229,"minecraft:deepslate_iron_ore":5,"minecraft:rail":1,"minecraft:stone":998,"biomesoplenty:spider_egg":1,"create:veridium":2,"create:limestone":4,"minecraft:deepslate_redstone_ore":12,"minecraft:scaffolding":1,"minecraft:red_bed":1,"minecraft:lily_of_the_valley":7,"minecraft:smoker":1,"born_in_chaos_v1:infected_deepslate_diamond_ore":5,"biomesoplenty:hanging_cobweb_strand":1,"minecraft:crafting_table":9,"minecraft:chest":2,"minecraft:copper_ore":5,"minecraft:cobblestone":5,"minecraft:deepslate_gold_ore":18,"minecraft:lapis_ore":1,"minecraft:diorite":176,"biomesoplenty:pink_daffodil":8,"biomesoplenty:white_cherry_leaves":97,"minecraft:lilac":70,"biomesoplenty:fir_log":14,"minecraft:wither_rose":1,"minecraft:grass":103,"biomesoplenty:clover":91,"minecraft:oak_log":33,"minecraft:coal_ore":131,"biomesoplenty:fir_leaves":7,"minecraft:gravel":50,"minecraft:dirt":1233,"biomesoplenty:umbran_leaves":4,"minecraft:cobweb":12,"minecraft:infested_stone":3,"create:crimsite":1,"minecraft:deepslate":315,"minecraft:oak_leaves":24,"minecraft:fern":1,"minecraft:infested_deepslate":1}},"DataVersion":3120}