{"stats":{"minecraft:picked_up":{"irons_spellbooks:scroll":2,"chococraft:loverly_gysahl_green":3,"minecraft:wither_rose":1,"minecraft:string":33,"create:limestone":2,"minecraft:iron_leggings":1,"irons_spellbooks:arcane_essence":2,"minecraft:cobbled_deepslate":316,"minecraft:furnace":2,"minecraft:stick":123,"iceandfire:ghost_chest":1,"born_in_chaos_v1:shattered_skull":1,"minecraft:torch":1,"botania:black_mushroom":1,"iceandfire:silver_ore":24,"minecraft:porkchop":6,"tombstone:grave_dust":9,"minecraft:diorite":176,"minecraft:rotten_flesh":23,"farmersdelight:onion":5,"create:veridium":1,"biomesoplenty:pink_cherry_sapling":90,"minecraft:cobblestone":731,"minecraft:magma_block":4,"minecraft:feather":2,"minecraft:lilac":122,"minecraft:andesite":31,"minecraft:smoker":1,"minecraft:potato":4,"biomesoplenty:fir_log":14,"minecraft:flint":5,"minecraft:tuff":1,"create:raw_zinc":4,"minecraft:dirt":5739,"minecraft:lapis_lazuli":9,"minecraft:bone":21,"minecraft:wheat_seeds":88,"minecraft:raw_gold":18,"biomesoplenty:cherry_log":919,"minecraft:oak_planks":4,"botania:red_mystical_flower":1,"minecraft:poisonous_potato":1,"biomesoplenty:white_cherry_sapling":87,"minecraft:lily_of_the_valley":11,"minecraft:bundle":1,"minecraft:diamond":6,"minecraft:granite":48,"minecraft:emerald":6,"biomesoplenty:pink_daffodil":14,"minecraft:oak_sapling":9,"born_in_chaos_v1:diamond_termite_shard":9,"minecraft:crafting_table":9,"minecraft:chicken":1,"minecraft:gold_block":2,"minecraft:red_bed":2,"farmersdelight:beef_patty":9,"minecraft:beef":14,"born_in_chaos_v1:gnawed_bones":1,"minecraft:iron_nugget":3,"biomesoplenty:cherry_planks":16,"minecraft:chest":2,"biomesoplenty:hanging_cobweb":6,"minecraft:raw_iron":95,"iceandfire:troll_tusk":4,"botania:purple_mushroom":1,"farmersdelight:tomato_seeds":1,"born_in_chaos_v1:pieceofdarkmetal":6,"minecraft:carrot":5,"minecraft:redstone":126,"minecraft:arrow":9,"minecraft:peony":17,"minecraft:gold_ingot":46,"minecraft:mutton":10,"minecraft:white_wool":6,"minecraft:rail":1,"born_in_chaos_v1:corpse_maggot":14,"minecraft:leather":12,"minecraft:red_mushroom":2,"minecraft:oak_log":49,"minecraft:golden_boots":1,"tombstone:gift":2,"minecraft:white_banner":1,"chococraft:chocobo_feather":2,"chococraft:gysahl_green":5,"minecraft:apple":2,"tombstone:bag_of_seeds":1,"born_in_chaos_v1:ethereal_spirit":1,"minecraft:gravel":8,"minecraft:amethyst_shard":4,"minecraft:spruce_sapling":2,"chococraft:gysahl_green_seeds":6,"minecraft:white_bed":2,"minecraft:spruce_log":1,"minecraft:spider_eye":4,"biomesoplenty:flowering_oak_sapling":3,"minecraft:slime_ball":2,"evilcraft:dark_gem":9,"tombstone:magic_scroll":1,"minecraft:coal":160},"minecraft:broken":{"minecraft:iron_shovel":9,"minecraft:iron_boots":1,"minecraft:iron_chestplate":1,"minecraft:iron_leggings":1,"minecraft:iron_sword":1,"iceandfire:silver_shovel":8,"warhammersmod:hammer_iron":1,"minecraft:iron_axe":4,"minecraft:iron_pickaxe":2,"minecraft:iron_helmet":1},"minecraft:custom":{"minecraft:interact_with_crafting_table":67,"minecraft:open_barrel":37,"minecraft:leave_game":4,"minecraft:time_since_death":124599,"minecraft:sprint_one_cm":1114891,"minecraft:damage_blocked_by_shield":239,"minecraft:drop":191,"minecraft:talked_to_villager":1,"minecraft:play_time":523735,"minecraft:deaths":10,"minecraft:jump":6169,"minecraft:walk_on_water_one_cm":26474,"minecraft:interact_with_furnace":86,"minecraft:sleep_in_bed":26,"minecraft:waystone_activated":3,"minecraft:damage_dealt":25147,"minecraft:player_kills":1,"minecraft:crouch_one_cm":9115,"tombstone:undead_killed":56,"minecraft:interact_with_smoker":10,"minecraft:mob_kills":162,"minecraft:damage_dealt_resisted":2444,"minecraft:climb_one_cm":3484,"minecraft:walk_one_cm":1541514,"minecraft:sneak_time":3117,"minecraft:walk_under_water_one_cm":16956,"minecraft:total_world_time":523735,"tombstone:raider_killed":14,"minecraft:time_since_rest":2157,"minecraft:damage_taken":7218,"minecraft:trigger_trapped_chest":2,"minecraft:swim_one_cm":11776,"minecraft:fly_one_cm":1098954,"minecraft:open_chest":125,"minecraft:fall_one_cm":130852},"minecraft:crafted":{"minecraft:oak_planks":52,"biomesoplenty:cherry_planks":168,"minecraft:cooked_chicken":1,"iceandfire:silver_shovel":8,"minecraft:stone":9,"securitycraft:keypad_item":1,"minecraft:heavy_weighted_pressure_plate":1,"minecraft:cooked_mutton":10,"minecraft:bow":1,"minecraft:iron_boots":2,"minecraft:chest":10,"iceandfire:silver_axe":2,"sophisticatedbackpacks:backpack":1,"minecraft:cooked_porkchop":5,"minecraft:crafting_table":9,"minecraft:spruce_planks":4,"minecraft:wooden_pickaxe":1,"minecraft:iron_helmet":2,"farmersdelight:beef_patty":9,"biomesoplenty:fir_planks":56,"minecraft:iron_chestplate":1,"minecraft:diamond_pickaxe":1,"minecraft:shield":2,"minecraft:stick":64,"minecraft:iron_pickaxe":2,"minecraft:iron_ingot":96,"minecraft:stone_sword":1,"minecraft:gold_ingot":36,"minecraft:furnace":5,"minecraft:stone_button":9,"warhammersmod:hammer_iron":2,"minecraft:diamond":1,"minecraft:iron_axe":5,"minecraft:stone_pickaxe":1,"minecraft:cooked_beef":21,"farmersdelight:cooked_mutton_chops":10,"iceandfire:silver_ingot":12,"minecraft:iron_sword":1,"minecraft:stone_axe":1,"minecraft:air":0,"minecraft:iron_shovel":9,"minecraft:iron_leggings":3,"minecraft:white_bed":1,"minecraft:torch":64},"minecraft:dropped":{"chococraft:loverly_gysahl_green":3,"biomesoplenty:pink_daffodil":14,"biomesoplenty:hanging_cobweb":6,"botania:red_mystical_flower":1,"born_in_chaos_v1:pieceofdarkmetal":4,"minecraft:rail":1,"farmersdelight:beef_patty":9,"minecraft:red_mushroom":2,"minecraft:flint":3,"minecraft:dirt":5,"minecraft:stone_button":1,"minecraft:mutton":5,"biomesoplenty:flowering_oak_sapling":3,"irons_spellbooks:arcane_essence":2,"minecraft:white_wool":1,"minecraft:bone":9,"minecraft:iron_nugget":3,"born_in_chaos_v1:ethereal_spirit":1,"tombstone:gift":4,"minecraft:rotten_flesh":12,"minecraft:oak_planks":4,"minecraft:carrot":1,"botania:black_mushroom":1,"iceandfire:ghost_chest":1,"biomesoplenty:pink_cherry_sapling":19,"born_in_chaos_v1:corpse_maggot":11,"farmersdelight:tomato_seeds":4,"minecraft:golden_boots":1,"minecraft:wheat_seeds":73,"minecraft:lilac":120,"mowziesmobs:foliaath_seed":3,"minecraft:poisonous_potato":1,"chococraft:gysahl_green_seeds":2,"minecraft:coal":4,"born_in_chaos_v1:gnawed_bones":1,"minecraft:diorite":3,"tombstone:grave_dust":7,"minecraft:wither_rose":1,"minecraft:white_banner":1,"minecraft:iron_axe":1,"minecraft:string":13,"create:raw_zinc":4,"minecraft:spruce_sapling":2,"minecraft:redstone":14,"biomesoplenty:white_cherry_sapling":69,"iceandfire:troll_tusk":4,"minecraft:pumpkin_seeds":1,"minecraft:lily_of_the_valley":11,"minecraft:potato":5,"minecraft:shield":1,"minecraft:peony":16,"minecraft:bundle":1,"minecraft:andesite":1,"minecraft:oak_sapling":9,"minecraft:spider_eye":3,"minecraft:wooden_pickaxe":1,"chococraft:gysahl_green":5},"minecraft:used":{"minecraft:iron_shovel":2340,"minecraft:shield":36,"minecraft:chest":11,"minecraft:iron_sword":236,"minecraft:rotten_flesh":1,"minecraft:mutton":2,"securitycraft:keypad_item":1,"minecraft:tuff":1,"minecraft:bow":26,"minecraft:furnace":7,"minecraft:diorite":1,"minecraft:stone_pickaxe":58,"minecraft:wooden_pickaxe":12,"iceandfire:silver_axe":138,"minecraft:bread":49,"tombstone:grave_key":2,"minecraft:gravel":4,"biomesoplenty:cherry_log":35,"minecraft:stone_sword":14,"create:veridium":1,"minecraft:torch":42,"minecraft:dirt":1315,"warhammersmod:hammer_iron":225,"minecraft:granite":18,"farmersdelight:beef_patty":9,"minecraft:iron_axe":1253,"tombstone:gift":5,"farmersdelight:cooked_mutton_chops":10,"minecraft:cooked_beef":21,"minecraft:cobbled_deepslate":18,"minecraft:iron_leggings":1,"minecraft:cooked_mutton":7,"minecraft:crafting_table":18,"minecraft:red_bed":2,"minecraft:white_bed":3,"minecraft:smoker":1,"tombstone:bag_of_seeds":1,"minecraft:oak_log":5,"minecraft:diamond_pickaxe":1376,"minecraft:iron_pickaxe":511,"minecraft:cobblestone":68,"minecraft:cooked_porkchop":5,"iceandfire:silver_shovel":3773},"minecraft:killed_by":{"irons_spellbooks:pyromancer":1,"born_in_chaos_v1:baby_skeleton":1,"born_in_chaos_v1:diamond_termite":1,"iceandfire:ice_dragon":1,"minecraft:zombie":4,"born_in_chaos_v1:decaying_zombie":1,"iceandfire:troll":1},"minecraft:killed":{"born_in_chaos_v1:zombie_clown":1,"minecraft:cave_spider":6,"born_in_chaos_v1:restless_spirit":1,"born_in_chaos_v1:door_knight_not_despawn":1,"minecraft:spider":8,"minecraft:skeleton":11,"minecraft:bee":3,"minecraft:chicken":1,"born_in_chaos_v1:skeleton_thrasher":1,"minecraft:silverfish":3,"born_in_chaos_v1:baby_skeleton_2":3,"minecraft:pig":3,"born_in_chaos_v1:diamond_termite":11,"born_in_chaos_v1:wither_scuttler":1,"irons_spellbooks:necromancer":1,"minecraft:creeper":2,"minecraft:sheep":6,"minecraft:pillager":5,"minecraft:zombie":25,"born_in_chaos_v1:dread_hound":3,"born_in_chaos_v1:corpse_fly":19,"born_in_chaos_v1:door_knight":1,"minecraft:cow":7,"chococraft:chocobo":3,"born_in_chaos_v1:maggot":19,"minecraft:drowned":1,"born_in_chaos_v1:baby_skeleton":1,"born_in_chaos_v1:swarmer":1,"iceandfire:troll":1,"born_in_chaos_v1:decrepit_skeleton":7,"iceandfire:ghost":2,"minecraft:enderman":1},"minecraft:mined":{"biomesoplenty:cherry_log":971,"minecraft:white_bed":2,"minecraft:granite":65,"minecraft:grass_block":3053,"biomesoplenty:flowering_oak_leaves":3,"minecraft:spawner":3,"minecraft:magma_block":5,"minecraft:iron_ore":95,"minecraft:cobbled_deepslate":1,"biomesoplenty:hanging_cobweb":2,"chococraft:gysahl_green":6,"biomesoplenty:pink_cherry_leaves":238,"create:veridium":2,"create:limestone":4,"minecraft:deepslate_redstone_ore":12,"minecraft:red_bed":2,"minecraft:smoker":1,"biomesoplenty:hanging_cobweb_strand":1,"born_in_chaos_v1:infected_deepslate_diamond_ore":5,"minecraft:chest":2,"minecraft:cobblestone":5,"minecraft:lilac":78,"biomesoplenty:fir_log":14,"minecraft:wither_rose":1,"minecraft:grass":130,"biomesoplenty:clover":106,"minecraft:oak_log":47,"minecraft:dirt":2897,"biomesoplenty:umbran_leaves":4,"create:crimsite":1,"minecraft:oak_leaves":30,"minecraft:deepslate":315,"minecraft:infested_deepslate":1,"create:zinc_ore":6,"minecraft:tuff":1,"iceandfire:silver_ore":14,"minecraft:deepslate_diamond_ore":2,"botania:purple_mushroom":1,"minecraft:furnace":1,"minecraft:andesite":31,"evilcraft:dark_ore":2,"minecraft:peony":9,"minecraft:gold_block":2,"minecraft:deepslate_iron_ore":5,"minecraft:rail":1,"biomesoplenty:spider_egg":1,"minecraft:stone":998,"minecraft:scaffolding":1,"minecraft:lily_of_the_valley":8,"minecraft:crafting_table":9,"minecraft:copper_ore":5,"minecraft:lapis_ore":1,"minecraft:deepslate_gold_ore":18,"minecraft:diorite":176,"biomesoplenty:white_cherry_leaves":160,"biomesoplenty:pink_daffodil":10,"minecraft:bee_nest":1,"minecraft:coal_ore":131,"biomesoplenty:fir_leaves":7,"minecraft:gravel":52,"minecraft:cobweb":12,"minecraft:fern":1,"minecraft:infested_stone":3}},"DataVersion":3120}