{"stats":{"minecraft:picked_up":{"born_in_chaos_v1:corpse_maggot":3,"minecraft:andesite":1,"biomesoplenty:fir_log":14,"minecraft:tuff":1,"create:raw_zinc":4,"minecraft:lapis_lazuli":9,"minecraft:dirt":4,"minecraft:string":11,"minecraft:bone":2,"minecraft:raw_iron":40,"minecraft:torch":1,"iceandfire:silver_ore":12,"botania:purple_mushroom":1,"minecraft:amethyst_shard":4,"minecraft:diorite":4,"minecraft:spider_eye":1,"minecraft:arrow":2,"evilcraft:dark_gem":9,"minecraft:granite":18,"create:veridium":1,"minecraft:mutton":7,"minecraft:coal":33,"minecraft:white_wool":4,"minecraft:rail":1,"minecraft:cobblestone":72},"minecraft:custom":{"minecraft:interact_with_furnace":28,"minecraft:mob_kills":14,"minecraft:interact_with_crafting_table":9,"minecraft:time_since_death":34393,"minecraft:time_since_rest":34393,"minecraft:sprint_one_cm":48622,"minecraft:damage_taken":340,"minecraft:walk_one_cm":149016,"minecraft:damage_blocked_by_shield":40,"minecraft:drop":4,"minecraft:damage_dealt":1632,"minecraft:swim_one_cm":1645,"minecraft:fly_one_cm":31109,"minecraft:open_chest":1,"minecraft:crouch_one_cm":4308,"minecraft:play_time":34393,"tombstone:undead_killed":3,"minecraft:sneak_time":1061,"minecraft:walk_under_water_one_cm":1977,"minecraft:jump":386,"minecraft:walk_on_water_one_cm":4329,"minecraft:total_world_time":34393,"minecraft:fall_one_cm":5170},"minecraft:mined":{"create:zinc_ore":6,"minecraft:tuff":1,"iceandfire:silver_ore":12,"minecraft:granite":18,"minecraft:grass_block":2,"minecraft:lapis_ore":1,"minecraft:diorite":4,"botania:purple_mushroom":1,"minecraft:iron_ore":42,"minecraft:andesite":1,"evilcraft:dark_ore":2,"biomesoplenty:fir_log":14,"minecraft:grass":2,"minecraft:coal_ore":33,"biomesoplenty:fir_leaves":7,"minecraft:rail":1,"minecraft:dirt":5,"minecraft:cobweb":12,"minecraft:stone":72,"create:veridium":2},"minecraft:killed":{"minecraft:cave_spider":3,"minecraft:skeleton":2,"minecraft:sheep":4,"born_in_chaos_v1:corpse_fly":3,"minecraft:drowned":1},"minecraft:dropped":{"minecraft:coal":4,"minecraft:shield":1,"minecraft:mutton":5,"create:raw_zinc":4},"minecraft:used":{"minecraft:cooked_mutton":2,"minecraft:diorite":1,"minecraft:stone_sword":14,"minecraft:stone_pickaxe":58,"create:veridium":1,"minecraft:shield":1,"minecraft:wooden_pickaxe":12,"minecraft:iron_sword":33,"minecraft:torch":3,"minecraft:dirt":1,"minecraft:mutton":2,"minecraft:crafting_table":3,"minecraft:tuff":1,"minecraft:iron_pickaxe":131,"minecraft:cobblestone":4,"minecraft:furnace":2,"minecraft:cooked_beef":6},"minecraft:crafted":{"minecraft:cooked_beef":6,"minecraft:crafting_table":3,"minecraft:wooden_pickaxe":1,"minecraft:iron_sword":1,"minecraft:furnace":2,"minecraft:stone_axe":1,"minecraft:cooked_mutton":5,"minecraft:air":0,"biomesoplenty:fir_planks":56,"minecraft:iron_chestplate":1,"minecraft:shield":2,"minecraft:stick":16,"minecraft:iron_ingot":16,"minecraft:iron_pickaxe":1,"minecraft:stone_pickaxe":1,"minecraft:stone_sword":1,"minecraft:torch":24}},"DataVersion":3120}