{"stats":{"minecraft:picked_up":{"irons_spellbooks:scroll":1,"minecraft:crafting_table":8,"born_in_chaos_v1:diamond_termite_shard":9,"chococraft:loverly_gysahl_green":2,"minecraft:wither_rose":1,"minecraft:gold_block":2,"minecraft:string":28,"create:limestone":2,"irons_spellbooks:arcane_essence":2,"minecraft:cobbled_deepslate":316,"minecraft:beef":13,"born_in_chaos_v1:gnawed_bones":1,"minecraft:iron_nugget":3,"minecraft:chest":2,"biomesoplenty:hanging_cobweb":6,"minecraft:furnace":1,"born_in_chaos_v1:shattered_skull":1,"minecraft:stick":28,"minecraft:raw_iron":94,"iceandfire:ghost_chest":1,"iceandfire:troll_tusk":4,"minecraft:torch":1,"botania:black_mushroom":1,"botania:purple_mushroom":1,"iceandfire:silver_ore":12,"minecraft:porkchop":6,"farmersdelight:tomato_seeds":1,"tombstone:grave_dust":8,"minecraft:diorite":176,"born_in_chaos_v1:pieceofdarkmetal":6,"minecraft:carrot":5,"minecraft:redstone":56,"minecraft:arrow":7,"minecraft:rotten_flesh":13,"minecraft:peony":2,"farmersdelight:onion":5,"create:veridium":1,"biomesoplenty:pink_cherry_sapling":22,"minecraft:mutton":8,"minecraft:rail":1,"minecraft:white_wool":5,"minecraft:cobblestone":470,"minecraft:magma_block":4,"born_in_chaos_v1:corpse_maggot":14,"minecraft:lilac":43,"minecraft:andesite":31,"minecraft:leather":7,"minecraft:smoker":1,"minecraft:red_mushroom":2,"minecraft:potato":4,"biomesoplenty:fir_log":14,"minecraft:flint":3,"minecraft:tuff":1,"create:raw_zinc":4,"minecraft:oak_log":21,"minecraft:golden_boots":1,"minecraft:lapis_lazuli":9,"minecraft:dirt":654,"tombstone:gift":2,"chococraft:chocobo_feather":2,"minecraft:bone":20,"chococraft:gysahl_green":5,"minecraft:apple":1,"minecraft:wheat_seeds":4,"minecraft:raw_gold":18,"tombstone:bag_of_seeds":1,"biomesoplenty:cherry_log":397,"minecraft:lily_of_the_valley":1,"born_in_chaos_v1:ethereal_spirit":1,"minecraft:poisonous_potato":1,"minecraft:gravel":7,"minecraft:amethyst_shard":4,"biomesoplenty:white_cherry_sapling":12,"chococraft:gysahl_green_seeds":5,"minecraft:spruce_sapling":2,"minecraft:white_bed":2,"minecraft:spruce_log":1,"minecraft:spider_eye":3,"minecraft:bundle":1,"minecraft:diamond":2,"evilcraft:dark_gem":9,"minecraft:granite":48,"biomesoplenty:pink_daffodil":2,"tombstone:magic_scroll":1,"minecraft:oak_sapling":6,"minecraft:coal":96},"minecraft:broken":{"minecraft:iron_shovel":2,"minecraft:iron_boots":1,"minecraft:iron_chestplate":1,"minecraft:iron_leggings":1,"minecraft:iron_axe":1,"minecraft:iron_sword":1,"minecraft:iron_pickaxe":2,"minecraft:iron_helmet":1,"warhammersmod:hammer_iron":1},"minecraft:custom":{"minecraft:mob_kills":126,"minecraft:interact_with_crafting_table":53,"minecraft:open_barrel":37,"minecraft:damage_dealt_resisted":2444,"minecraft:leave_game":4,"minecraft:time_since_death":28692,"minecraft:climb_one_cm":3484,"minecraft:sprint_one_cm":742772,"minecraft:walk_one_cm":830102,"minecraft:damage_blocked_by_shield":239,"minecraft:drop":87,"minecraft:talked_to_villager":1,"minecraft:play_time":349735,"minecraft:sneak_time":2662,"minecraft:deaths":9,"minecraft:walk_under_water_one_cm":16956,"minecraft:jump":4624,"minecraft:walk_on_water_one_cm":26386,"minecraft:total_world_time":349735,"minecraft:interact_with_furnace":80,"tombstone:raider_killed":9,"minecraft:sleep_in_bed":12,"minecraft:time_since_rest":1418,"minecraft:waystone_activated":3,"minecraft:damage_taken":6087,"minecraft:trigger_trapped_chest":2,"minecraft:damage_dealt":19817,"minecraft:player_kills":1,"minecraft:swim_one_cm":11776,"minecraft:fly_one_cm":824554,"minecraft:open_chest":74,"minecraft:crouch_one_cm":8539,"tombstone:undead_killed":45,"minecraft:interact_with_smoker":10,"minecraft:fall_one_cm":106927},"minecraft:crafted":{"minecraft:oak_planks":20,"biomesoplenty:cherry_planks":168,"minecraft:furnace":5,"minecraft:stone_button":9,"minecraft:stone":9,"securitycraft:keypad_item":1,"minecraft:heavy_weighted_pressure_plate":1,"warhammersmod:hammer_iron":2,"minecraft:cooked_mutton":7,"minecraft:diamond":1,"minecraft:bow":1,"minecraft:iron_boots":2,"minecraft:iron_axe":4,"minecraft:stone_pickaxe":1,"minecraft:chest":5,"minecraft:cooked_beef":21,"farmersdelight:cooked_mutton_chops":10,"sophisticatedbackpacks:backpack":1,"minecraft:cooked_porkchop":5,"minecraft:crafting_table":7,"minecraft:spruce_planks":4,"minecraft:wooden_pickaxe":1,"minecraft:iron_helmet":2,"minecraft:iron_sword":1,"minecraft:stone_axe":1,"farmersdelight:beef_patty":9,"minecraft:air":0,"biomesoplenty:fir_planks":56,"minecraft:diamond_pickaxe":1,"minecraft:iron_chestplate":1,"minecraft:shield":2,"minecraft:stick":64,"minecraft:iron_ingot":96,"minecraft:iron_pickaxe":2,"minecraft:iron_shovel":3,"minecraft:stone_sword":1,"minecraft:iron_leggings":3,"minecraft:gold_ingot":36,"minecraft:white_bed":1,"minecraft:torch":64},"minecraft:dropped":{"farmersdelight:tomato_seeds":4,"minecraft:golden_boots":1,"chococraft:loverly_gysahl_green":2,"minecraft:wheat_seeds":4,"minecraft:lilac":10,"biomesoplenty:hanging_cobweb":6,"mowziesmobs:foliaath_seed":3,"minecraft:poisonous_potato":1,"chococraft:gysahl_green_seeds":1,"born_in_chaos_v1:pieceofdarkmetal":4,"minecraft:rail":1,"minecraft:coal":4,"minecraft:red_mushroom":2,"minecraft:flint":2,"minecraft:dirt":3,"born_in_chaos_v1:gnawed_bones":1,"minecraft:diorite":3,"minecraft:stone_button":1,"minecraft:mutton":5,"tombstone:grave_dust":7,"irons_spellbooks:arcane_essence":2,"minecraft:wither_rose":1,"minecraft:iron_axe":1,"minecraft:string":12,"create:raw_zinc":4,"minecraft:spruce_sapling":2,"minecraft:bone":8,"minecraft:iron_nugget":3,"tombstone:gift":4,"born_in_chaos_v1:ethereal_spirit":1,"biomesoplenty:white_cherry_sapling":5,"minecraft:rotten_flesh":7,"iceandfire:troll_tusk":4,"minecraft:pumpkin_seeds":1,"minecraft:carrot":1,"minecraft:lily_of_the_valley":1,"botania:black_mushroom":1,"minecraft:potato":5,"iceandfire:ghost_chest":1,"minecraft:shield":1,"minecraft:peony":1,"biomesoplenty:pink_cherry_sapling":7,"minecraft:bundle":1,"minecraft:andesite":1,"born_in_chaos_v1:corpse_maggot":11,"minecraft:oak_sapling":4,"minecraft:spider_eye":2,"minecraft:wooden_pickaxe":1,"chococraft:gysahl_green":5},"minecraft:used":{"biomesoplenty:cherry_log":34,"minecraft:iron_shovel":660,"minecraft:stone_sword":14,"create:veridium":1,"minecraft:chest":6,"minecraft:shield":36,"minecraft:iron_sword":236,"minecraft:rotten_flesh":1,"minecraft:torch":37,"minecraft:dirt":199,"minecraft:mutton":2,"warhammersmod:hammer_iron":149,"securitycraft:keypad_item":1,"minecraft:tuff":1,"minecraft:granite":18,"minecraft:iron_axe":584,"minecraft:bow":24,"minecraft:furnace":6,"farmersdelight:cooked_mutton_chops":6,"tombstone:gift":3,"minecraft:cooked_beef":21,"minecraft:cobbled_deepslate":18,"minecraft:iron_leggings":1,"minecraft:cooked_mutton":5,"minecraft:diorite":1,"minecraft:stone_pickaxe":58,"minecraft:wooden_pickaxe":12,"minecraft:crafting_table":15,"minecraft:white_bed":3,"minecraft:smoker":1,"minecraft:oak_log":5,"tombstone:bag_of_seeds":1,"minecraft:diamond_pickaxe":825,"minecraft:iron_pickaxe":511,"tombstone:grave_key":1,"minecraft:bread":48,"minecraft:gravel":4,"minecraft:cobblestone":68},"minecraft:killed_by":{"irons_spellbooks:pyromancer":1,"born_in_chaos_v1:baby_skeleton":1,"born_in_chaos_v1:decaying_zombie":1,"born_in_chaos_v1:diamond_termite":1,"iceandfire:ice_dragon":1,"minecraft:zombie":3,"iceandfire:troll":1},"minecraft:killed":{"born_in_chaos_v1:zombie_clown":1,"minecraft:cave_spider":6,"born_in_chaos_v1:restless_spirit":1,"born_in_chaos_v1:door_knight_not_despawn":1,"minecraft:spider":4,"born_in_chaos_v1:maggot":17,"minecraft:skeleton":9,"born_in_chaos_v1:skeleton_thrasher":1,"minecraft:silverfish":3,"born_in_chaos_v1:baby_skeleton_2":2,"minecraft:drowned":1,"minecraft:pig":3,"born_in_chaos_v1:diamond_termite":11,"born_in_chaos_v1:baby_skeleton":1,"iceandfire:troll":1,"irons_spellbooks:necromancer":1,"minecraft:creeper":2,"born_in_chaos_v1:decrepit_skeleton":6,"minecraft:sheep":5,"minecraft:zombie":19,"born_in_chaos_v1:dread_hound":3,"iceandfire:ghost":2,"born_in_chaos_v1:corpse_fly":12,"born_in_chaos_v1:door_knight":1,"minecraft:enderman":1,"minecraft:cow":6,"chococraft:chocobo":3},"minecraft:mined":{"create:zinc_ore":6,"minecraft:tuff":1,"minecraft:white_bed":2,"biomesoplenty:cherry_log":409,"iceandfire:silver_ore":12,"minecraft:deepslate_diamond_ore":2,"minecraft:granite":49,"minecraft:grass_block":336,"biomesoplenty:flowering_oak_leaves":1,"minecraft:spawner":3,"botania:purple_mushroom":1,"minecraft:magma_block":5,"minecraft:furnace":1,"minecraft:iron_ore":92,"minecraft:cobbled_deepslate":1,"minecraft:andesite":31,"evilcraft:dark_ore":2,"minecraft:gold_block":2,"biomesoplenty:hanging_cobweb":2,"chococraft:gysahl_green":5,"biomesoplenty:pink_cherry_leaves":116,"minecraft:deepslate_iron_ore":5,"minecraft:rail":1,"minecraft:stone":506,"biomesoplenty:spider_egg":1,"create:veridium":2,"create:limestone":4,"minecraft:deepslate_redstone_ore":12,"minecraft:scaffolding":1,"minecraft:lily_of_the_valley":2,"minecraft:smoker":1,"born_in_chaos_v1:infected_deepslate_diamond_ore":5,"biomesoplenty:hanging_cobweb_strand":1,"minecraft:crafting_table":8,"minecraft:chest":2,"minecraft:copper_ore":3,"minecraft:cobblestone":5,"minecraft:deepslate_gold_ore":18,"minecraft:lapis_ore":1,"minecraft:diorite":176,"biomesoplenty:pink_daffodil":2,"biomesoplenty:white_cherry_leaves":53,"minecraft:lilac":34,"biomesoplenty:fir_log":14,"minecraft:wither_rose":1,"minecraft:grass":33,"biomesoplenty:clover":46,"minecraft:oak_log":16,"minecraft:coal_ore":97,"biomesoplenty:fir_leaves":7,"minecraft:gravel":10,"minecraft:dirt":328,"biomesoplenty:umbran_leaves":4,"minecraft:cobweb":12,"minecraft:infested_stone":3,"create:crimsite":1,"minecraft:deepslate":315,"minecraft:oak_leaves":13,"minecraft:fern":1,"minecraft:infested_deepslate":1}},"DataVersion":3120}