{"stats":{"minecraft:picked_up":{"minecraft:crafting_table":1,"botania:magenta_mystical_flower":1,"minecraft:jungle_stairs":1,"minecraft:oak_log":5,"minecraft:cobblestone":10},"minecraft:mined":{"minecraft:jungle_stairs":1,"minecraft:oak_log":5,"botania:magenta_mystical_flower":1,"minecraft:stone":10,"minecraft:crafting_table":1,"minecraft:oak_leaves":3},"minecraft:dropped":{"minecraft:wooden_pickaxe":1},"minecraft:crafted":{"minecraft:oak_planks":20,"minecraft:stone_axe":1,"minecraft:crafting_table":1,"minecraft:stick":8,"minecraft:wooden_pickaxe":1,"minecraft:stone_pickaxe":1},"minecraft:custom":{"minecraft:open_chest":1,"minecraft:time_since_rest":5450,"minecraft:crouch_one_cm":2241,"minecraft:interact_with_furnace":1,"minecraft:play_time":5450,"minecraft:sprint_one_cm":2712,"minecraft:damage_taken":10,"minecraft:walk_one_cm":6688,"minecraft:sneak_time":702,"minecraft:walk_under_water_one_cm":1591,"minecraft:drop":1,"minecraft:jump":66,"minecraft:time_since_death":5450,"minecraft:walk_on_water_one_cm":2566,"minecraft:total_world_time":5450,"minecraft:swim_one_cm":20272,"minecraft:interact_with_crafting_table":2,"minecraft:fall_one_cm":2274,"minecraft:fly_one_cm":6327,"minecraft:open_barrel":1},"minecraft:used":{"minecraft:stone_axe":2,"minecraft:crafting_table":1,"minecraft:oak_planks":4,"minecraft:wooden_pickaxe":10}},"DataVersion":3120}