{"stats":{"minecraft:picked_up":{"minecraft:crafting_table":4,"chococraft:loverly_gysahl_green":1,"minecraft:feather":2,"minecraft:chicken":1,"biomesoplenty:dead_log":3,"minecraft:oak_log":5,"minecraft:yellow_bed":2,"minecraft:string":2,"minecraft:bone":1,"botania:magenta_mystical_flower":1,"chococraft:gysahl_green":6,"minecraft:wheat_seeds":2,"minecraft:oak_boat":1,"minecraft:furnace":1,"biomesoplenty:toadstool":3,"minecraft:oak_fence":1,"minecraft:porkchop":2,"chococraft:gysahl_green_seeds":3,"minecraft:arrow":2,"minecraft:rotten_flesh":2,"botania:lime_mystical_flower":1,"minecraft:stone_axe":1,"minecraft:jungle_stairs":1,"minecraft:white_wool":3,"minecraft:cobblestone":10},"minecraft:mined":{"botania:lime_mystical_flower":1,"minecraft:oak_fence":1,"minecraft:crafting_table":4,"minecraft:jungle_stairs":1,"biomesoplenty:dead_grass":1,"botania:magenta_mystical_flower":1,"minecraft:furnace":1,"biomesoplenty:toadstool":1,"minecraft:yellow_bed":2,"minecraft:grass":3,"biomesoplenty:dead_log":3,"chococraft:gysahl_green":3,"minecraft:oak_log":5,"minecraft:vine":1,"minecraft:stone":10,"minecraft:white_wool":4,"minecraft:oak_leaves":3,"minecraft:fern":2},"minecraft:killed":{"minecraft:pig":2,"minecraft:spider":1,"minecraft:creeper":1,"minecraft:skeleton":2,"minecraft:zombie":2,"iceandfire:ghost":4,"minecraft:chicken":1},"minecraft:dropped":{"biomesoplenty:toadstool":3,"minecraft:stone_axe":1,"chococraft:loverly_gysahl_green":1,"chococraft:gysahl_green_seeds":3,"minecraft:wooden_pickaxe":1,"botania:lime_mystical_flower":1,"botania:magenta_mystical_flower":1},"minecraft:crafted":{"biomesoplenty:dead_planks":12,"minecraft:oak_planks":20,"minecraft:crafting_table":1,"minecraft:wooden_pickaxe":1,"minecraft:stone_axe":1,"minecraft:oak_boat":1,"minecraft:stick":8,"minecraft:stone_pickaxe":1},"minecraft:custom":{"minecraft:interact_with_furnace":1,"minecraft:mob_kills":13,"minecraft:interact_with_crafting_table":4,"minecraft:open_barrel":1,"minecraft:time_since_death":1722,"minecraft:sleep_in_bed":1,"minecraft:climb_one_cm":2093,"minecraft:time_since_rest":257,"minecraft:sprint_one_cm":28250,"minecraft:damage_taken":1195,"minecraft:walk_one_cm":40442,"minecraft:trigger_trapped_chest":2,"minecraft:drop":10,"minecraft:damage_dealt":2878,"minecraft:swim_one_cm":24137,"minecraft:fly_one_cm":58729,"minecraft:open_chest":2,"minecraft:crouch_one_cm":4645,"minecraft:play_time":17450,"tombstone:undead_killed":8,"minecraft:deaths":4,"minecraft:sneak_time":1233,"minecraft:walk_under_water_one_cm":3968,"minecraft:boat_one_cm":65717,"minecraft:jump":315,"minecraft:walk_on_water_one_cm":5695,"minecraft:total_world_time":17450,"minecraft:fall_one_cm":9283},"minecraft:killed_by":{"minecraft:skeleton":2,"iceandfire:ghost":2},"minecraft:used":{"minecraft:stone_pickaxe":3,"minecraft:oak_planks":4,"minecraft:wooden_pickaxe":10,"minecraft:crafting_table":4,"biomesoplenty:dead_planks":6,"minecraft:jungle_stairs":1,"minecraft:stone_axe":53,"minecraft:yellow_bed":2,"tombstone:gift":2,"chococraft:gysahl_green":6,"minecraft:oak_boat":1}},"DataVersion":3120}