{"stats":{"minecraft:picked_up":{"minecraft:crafting_table":4,"chococraft:loverly_gysahl_green":1,"minecraft:feather":2,"minecraft:chicken":1,"biomesoplenty:dead_log":3,"minecraft:oak_log":5,"minecraft:yellow_bed":2,"minecraft:string":2,"minecraft:bone":1,"botania:magenta_mystical_flower":1,"chococraft:gysahl_green":6,"minecraft:stone_bricks":1,"minecraft:wheat_seeds":2,"minecraft:gold_nugget":14,"minecraft:oak_boat":1,"minecraft:furnace":1,"biomesoplenty:toadstool":3,"minecraft:chiseled_stone_bricks":2,"minecraft:oak_fence":2,"minecraft:porkchop":2,"chococraft:gysahl_green_seeds":3,"tconstruct:sky_slime_ball":6,"minecraft:arrow":2,"minecraft:rotten_flesh":2,"botania:lime_mystical_flower":1,"minecraft:stone_axe":1,"minecraft:jungle_stairs":1,"minecraft:white_wool":3,"minecraft:cobblestone":10},"minecraft:mined":{"botania:lime_mystical_flower":1,"minecraft:oak_fence":1,"minecraft:crafting_table":4,"minecraft:jungle_stairs":1,"biomesoplenty:dead_grass":1,"minecraft:chiseled_stone_bricks":2,"botania:magenta_mystical_flower":1,"minecraft:furnace":1,"biomesoplenty:toadstool":1,"minecraft:yellow_bed":2,"iceandfire:gold_pile":1,"minecraft:grass":3,"biomesoplenty:dead_log":3,"chococraft:gysahl_green":3,"minecraft:oak_log":5,"minecraft:vine":1,"minecraft:stone_bricks":1,"minecraft:stone":10,"minecraft:white_wool":4,"minecraft:oak_leaves":3,"tconstruct:sky_congealed_slime":1,"minecraft:fern":2},"minecraft:killed":{"minecraft:pig":2,"minecraft:spider":1,"tconstruct:sky_slime":1,"minecraft:creeper":1,"minecraft:skeleton":2,"minecraft:zombie":2,"iceandfire:ghost":4,"minecraft:chicken":1},"minecraft:dropped":{"biomesoplenty:toadstool":3,"minecraft:stone_axe":1,"chococraft:loverly_gysahl_green":1,"minecraft:oak_fence":1,"chococraft:gysahl_green_seeds":3,"minecraft:cobweb":1,"tconstruct:sky_slime_ball":6,"minecraft:wooden_pickaxe":1,"botania:lime_mystical_flower":1,"botania:magenta_mystical_flower":1},"minecraft:crafted":{"biomesoplenty:dead_planks":12,"minecraft:oak_planks":20,"minecraft:crafting_table":1,"minecraft:wooden_pickaxe":1,"minecraft:stone_axe":1,"minecraft:oak_boat":1,"minecraft:stick":8,"minecraft:stone_pickaxe":1},"minecraft:custom":{"minecraft:interact_with_furnace":1,"minecraft:mob_kills":14,"minecraft:interact_with_crafting_table":4,"minecraft:open_barrel":1,"minecraft:leave_game":1,"minecraft:time_since_death":514,"minecraft:sleep_in_bed":1,"minecraft:climb_one_cm":2253,"minecraft:time_since_rest":30,"minecraft:sprint_one_cm":37826,"minecraft:damage_taken":1842,"minecraft:walk_one_cm":67607,"minecraft:trigger_trapped_chest":2,"minecraft:drop":14,"minecraft:damage_dealt":2930,"minecraft:swim_one_cm":27959,"minecraft:fly_one_cm":70755,"minecraft:open_chest":10,"minecraft:crouch_one_cm":5497,"minecraft:play_time":23793,"tombstone:undead_killed":8,"minecraft:deaths":6,"minecraft:sneak_time":1431,"minecraft:walk_under_water_one_cm":5647,"minecraft:boat_one_cm":65717,"minecraft:jump":374,"minecraft:walk_on_water_one_cm":7170,"minecraft:total_world_time":23793,"minecraft:fall_one_cm":13447},"minecraft:killed_by":{"iceandfire:cyclops":2,"minecraft:skeleton":2,"iceandfire:ghost":2},"minecraft:used":{"minecraft:cooked_mutton":2,"minecraft:stone_pickaxe":6,"minecraft:oak_planks":4,"minecraft:wooden_pickaxe":10,"minecraft:crafting_table":4,"biomesoplenty:dead_planks":12,"minecraft:bread":1,"minecraft:jungle_stairs":1,"minecraft:stone_axe":55,"minecraft:chiseled_stone_bricks":2,"minecraft:yellow_bed":2,"tombstone:gift":2,"chococraft:gysahl_green":6,"minecraft:oak_boat":1}},"DataVersion":3120}