{"stats":{"minecraft:picked_up":{"minecraft:crafting_table":3,"minecraft:leather":4,"minecraft:wooden_pickaxe":1,"biomesoplenty:fir_sapling":3,"biomesoplenty:fir_log":4,"minecraft:tuff":4,"create:raw_zinc":5,"minecraft:oak_log":6,"minecraft:shield":1,"minecraft:amethyst_block":4,"minecraft:lapis_lazuli":9,"minecraft:dirt":14,"minecraft:string":20,"minecraft:bone":1,"minecraft:cobbled_deepslate":11,"minecraft:raw_gold":3,"minecraft:beef":6,"minecraft:calcite":3,"minecraft:oak_planks":8,"minecraft:stick":1,"minecraft:raw_iron":43,"minecraft:smooth_basalt":2,"born_in_chaos_v1:shattered_skull":1,"minecraft:dripstone_block":1,"iceandfire:silver_ore":9,"minecraft:porkchop":7,"minecraft:amethyst_shard":8,"tombstone:grave_dust":1,"minecraft:diorite":4,"tconstruct:sky_slime_crystal":4,"minecraft:rotten_flesh":2,"create:ochrum":5,"minecraft:granite":1,"iceandfire:deepslate_silver_ore":1,"minecraft:mutton":5,"minecraft:coal":65,"minecraft:cobblestone":36},"minecraft:custom":{"minecraft:interact_with_furnace":31,"minecraft:mob_kills":9,"minecraft:interact_with_crafting_table":16,"minecraft:time_since_death":40198,"minecraft:climb_one_cm":111,"minecraft:time_since_rest":40198,"minecraft:sprint_one_cm":55294,"minecraft:walk_one_cm":135232,"minecraft:damage_taken":380,"minecraft:drop":10,"minecraft:damage_dealt":1434,"minecraft:swim_one_cm":2487,"minecraft:fly_one_cm":41946,"minecraft:player_kills":1,"minecraft:open_chest":2,"minecraft:crouch_one_cm":11829,"minecraft:play_time":40198,"tombstone:undead_killed":3,"minecraft:sneak_time":2985,"minecraft:walk_under_water_one_cm":186,"minecraft:jump":506,"minecraft:walk_on_water_one_cm":7561,"minecraft:total_world_time":40198,"minecraft:fall_one_cm":12542},"minecraft:mined":{"create:zinc_ore":6,"minecraft:tuff":4,"iceandfire:silver_ore":9,"minecraft:amethyst_cluster":3,"minecraft:crafting_table":3,"minecraft:granite":1,"minecraft:budding_amethyst":1,"biomesoplenty:bush":1,"minecraft:grass_block":3,"minecraft:calcite":5,"create:ochrum":5,"iceandfire:deepslate_silver_ore":1,"minecraft:deepslate_gold_ore":3,"minecraft:lapis_ore":1,"minecraft:oak_planks":11,"minecraft:amethyst_block":4,"tconstruct:large_sky_slime_crystal_bud":1,"tconstruct:sky_slime_crystal_cluster":1,"minecraft:spawner":1,"tconstruct:budding_sky_slime_crystal":1,"minecraft:iron_ore":36,"biomesoplenty:fir_log":4,"minecraft:grass":3,"minecraft:oak_log":6,"minecraft:coal_ore":61,"minecraft:deepslate_iron_ore":7,"biomesoplenty:fir_leaves":20,"minecraft:dripstone_block":1,"minecraft:dirt":8,"minecraft:cobweb":16,"minecraft:smooth_basalt":2,"minecraft:stone":37,"minecraft:deepslate":11,"minecraft:oak_leaves":7,"minecraft:fern":1},"minecraft:killed":{"minecraft:pig":4,"born_in_chaos_v1:decrepit_skeleton":1,"born_in_chaos_v1:maggot":1,"minecraft:skeleton":2,"minecraft:cow":2},"minecraft:dropped":{"create:ochrum":5,"minecraft:tuff":4,"minecraft:dripstone_block":1,"iceandfire:deepslate_silver_ore":1,"minecraft:wooden_pickaxe":2,"minecraft:stone_pickaxe":1,"minecraft:calcite":3,"create:raw_zinc":5},"minecraft:used":{"minecraft:water_bucket":1,"minecraft:diorite":4,"minecraft:stone_sword":32,"minecraft:wooden_pickaxe":24,"biomesoplenty:fir_planks":15,"minecraft:iron_chestplate":1,"minecraft:crafting_table":4,"minecraft:diamond_pickaxe":191,"minecraft:iron_helmet":1,"minecraft:iron_boots":1,"minecraft:smooth_basalt":1,"minecraft:stone_axe":30,"minecraft:furnace":2,"minecraft:cooked_porkchop":5,"minecraft:bucket":2,"minecraft:iron_leggings":1},"minecraft:crafted":{"minecraft:oak_planks":24,"sophisticatedbackpacks:backpack":1,"minecraft:cooked_porkchop":7,"minecraft:crafting_table":1,"minecraft:iron_helmet":1,"minecraft:wooden_pickaxe":1,"minecraft:furnace":2,"minecraft:bucket":1,"minecraft:stone_axe":1,"minecraft:air":0,"biomesoplenty:fir_planks":16,"minecraft:iron_boots":1,"minecraft:iron_chestplate":1,"minecraft:diamond_pickaxe":1,"minecraft:iron_axe":1,"minecraft:stick":12,"minecraft:iron_ingot":32,"minecraft:stone_pickaxe":1,"minecraft:stone_sword":1,"minecraft:chest":1,"minecraft:iron_leggings":1}},"DataVersion":3120}