{"stats":{"minecraft:killed_by":{"minecraft:skeleton":1,"minecraft:player":3},"minecraft:picked_up":{"tombstone:gift":1,"tconstruct:materials_and_you":1,"minecraft:sand":1},"minecraft:used":{"minecraft:birch_planks":1,"tombstone:gift":6,"evilcraft:flesh_humanoid":1},"minecraft:dropped":{"tconstruct:materials_and_you":1,"tombstone:gift":1},"minecraft:mined":{"minecraft:grass":2,"minecraft:sand":1,"minecraft:birch_leaves":6,"minecraft:oak_leaves":9},"minecraft:custom":{"minecraft:time_since_rest":1,"minecraft:crouch_one_cm":85,"minecraft:sprint_one_cm":40804,"minecraft:play_time":10391,"minecraft:damage_taken":1044,"minecraft:deaths":4,"minecraft:walk_one_cm":47900,"minecraft:sneak_time":27,"tombstone:sneak_grave":1,"minecraft:drop":2,"tombstone:tomb_raiding":4,"minecraft:jump":315,"minecraft:damage_dealt":1093,"minecraft:leave_game":3,"minecraft:time_since_death":526,"minecraft:total_world_time":10391,"minecraft:fall_one_cm":10623,"minecraft:fly_one_cm":52131,"minecraft:player_kills":5}},"DataVersion":3120}