{"stats":{"minecraft:picked_up":{"minecraft:wither_rose":1,"minecraft:potion":2,"minecraft:stone_brick_stairs":4,"minecraft:amethyst_block":4,"sophisticatedbackpacks:magnet_upgrade":1,"minecraft:string":21,"minecraft:cooked_salmon":6,"minecraft:cobbled_deepslate":58,"farmersdelight:cabbage":3,"minecraft:calcite":3,"minecraft:melon_slice":16,"irons_spellbooks:inscription_table":2,"farmersdelight:cabbage_seeds":12,"minecraft:furnace":5,"minecraft:stick":3,"born_in_chaos_v1:shattered_skull":1,"minecraft:torch":6,"minecraft:spruce_stairs":1,"iceandfire:silver_ore":9,"minecraft:porkchop":20,"tombstone:grave_dust":2,"minecraft:diorite":7,"born_in_chaos_v1:nightmare_claw":1,"tconstruct:sky_slime_crystal":8,"minecraft:stone_sword":1,"minecraft:rotten_flesh":25,"biomesoplenty:mahogany_sapling":6,"create:ochrum":5,"farmersdelight:rope":33,"minecraft:cobblestone":261,"farmersdelight:rice":1,"minecraft:water_bucket":1,"biomesoplenty:fir_sapling":3,"biomesoplenty:fir_log":4,"minecraft:flint":14,"minecraft:tuff":7,"create:raw_zinc":21,"minecraft:lapis_lazuli":9,"minecraft:dirt":768,"born_in_chaos_v1:monster_skin":2,"minecraft:bone":6,"minecraft:wheat_seeds":11,"minecraft:raw_gold":18,"biomemakeover:illunite_shard":2,"minecraft:mossy_stone_bricks":1,"minecraft:oak_planks":11,"minecraft:cooked_porkchop":1,"minecraft:sand":6,"minecraft:stripped_spruce_log":7,"iceandfire:stymphalian_bird_feather":28,"sons_of_sins:flesh_of_demise":2,"minecraft:bundle":1,"minecraft:diamond":2,"minecraft:spruce_boat":3,"waystones:waystone":1,"minecraft:granite":25,"biomesoplenty:redwood_log":1,"minecraft:crafting_table":8,"minecraft:clay_ball":48,"minecraft:wooden_pickaxe":1,"minecraft:shield":1,"born_in_chaos_v1:intoxicating_decoction":2,"iceandfire:graveyard_soil":5,"minecraft:cracked_stone_bricks":2,"minecraft:beef":26,"minecraft:oak_boat":4,"biomemakeover:willow_log":3,"minecraft:spruce_slab":7,"minecraft:chest":6,"minecraft:phantom_membrane":3,"minecraft:raw_iron":100,"minecraft:copper_ingot":2,"minecraft:carrot":3,"botania:black_lotus":1,"minecraft:arrow":4,"iceandfire:deepslate_silver_ore":1,"minecraft:gold_ingot":14,"botania:green_mystical_flower":2,"minecraft:mutton":7,"minecraft:white_wool":1,"born_in_chaos_v1:corpse_maggot":5,"minecraft:air":0,"born_in_chaos_v1:monster_flesh":1,"minecraft:glow_ink_sac":3,"minecraft:salmon":1,"minecraft:leather":35,"minecraft:oak_log":12,"iceandfire:ectoplasm":6,"minecraft:gunpowder":1,"farmersdelight:skillet":1,"minecraft:cooked_mutton":1,"chococraft:chocobo_feather":2,"chococraft:gysahl_green":51,"chococraft:gold_gysahl":2,"minecraft:iron_ingot":20,"minecraft:glass_bottle":30,"minecraft:scaffolding":5,"minecraft:book":54,"minecraft:smooth_basalt":2,"minecraft:stone_brick_slab":2,"minecraft:raw_iron_block":1,"minecraft:dripstone_block":1,"minecraft:gravel":116,"minecraft:amethyst_shard":8,"chococraft:gysahl_green_seeds":64,"minecraft:spruce_log":2,"minecraft:spider_eye":1,"biomesoplenty:mahogany_log":53,"biomesoplenty:mahogany_door":1,"minecraft:coal":202},"minecraft:broken":{"minecraft:iron_shovel":1,"minecraft:iron_boots":1,"minecraft:iron_sword":1,"minecraft:iron_helmet":1},"minecraft:custom":{"minecraft:interact_with_crafting_table":41,"minecraft:open_barrel":7,"minecraft:leave_game":6,"minecraft:time_since_death":12873,"minecraft:sprint_one_cm":546450,"minecraft:damage_blocked_by_shield":1010,"minecraft:drop":98,"minecraft:play_time":306820,"minecraft:deaths":10,"minecraft:jump":6524,"minecraft:interact_with_brewingstand":1,"minecraft:walk_on_water_one_cm":61675,"minecraft:interact_with_furnace":75,"minecraft:sleep_in_bed":13,"minecraft:waystone_activated":5,"minecraft:damage_dealt":20171,"minecraft:player_kills":1,"minecraft:crouch_one_cm":151265,"tombstone:undead_killed":39,"minecraft:mob_kills":129,"tombstone:use_vanishing":1,"minecraft:damage_dealt_resisted":1006,"minecraft:climb_one_cm":2449,"minecraft:walk_one_cm":901816,"minecraft:damage_dealt_absorbed":70,"minecraft:sneak_time":33192,"minecraft:walk_under_water_one_cm":36326,"minecraft:boat_one_cm":2945,"minecraft:total_world_time":306820,"tombstone:raider_killed":2,"minecraft:time_since_rest":12454,"minecraft:damage_taken":6114,"minecraft:trigger_trapped_chest":5,"minecraft:swim_one_cm":70934,"minecraft:fly_one_cm":1218911,"minecraft:open_chest":202,"minecraft:fall_one_cm":173787},"minecraft:crafted":{"securitycraft:mine":6,"minecraft:oak_planks":48,"minecraft:stone":24,"minecraft:diamond_shovel":1,"minecraft:cooked_mutton":6,"biomemakeover:willow_planks":12,"minecraft:iron_boots":1,"minecraft:melon_seeds":1,"minecraft:chest":3,"minecraft:stone_bricks":24,"sophisticatedbackpacks:backpack":1,"minecraft:cooked_porkchop":21,"minecraft:crafting_table":3,"minecraft:spruce_planks":36,"minecraft:wooden_pickaxe":1,"minecraft:iron_helmet":1,"biomesoplenty:fir_planks":16,"minecraft:stone_brick_stairs":16,"minecraft:iron_chestplate":1,"minecraft:diamond_pickaxe":1,"minecraft:stick":68,"minecraft:iron_ingot":60,"minecraft:stone_sword":1,"minecraft:gold_ingot":101,"biomemakeover:willow_boat":1,"minecraft:shears":1,"minecraft:raw_iron":9,"biomesoplenty:mahogany_planks":124,"minecraft:furnace":2,"minecraft:iron_axe":1,"securitycraft:universal_block_remover":1,"minecraft:spruce_slab":54,"minecraft:stone_pickaxe":1,"minecraft:spruce_boat":1,"sophisticatedbackpacks:iron_backpack":1,"minecraft:iron_sword":1,"minecraft:bucket":1,"minecraft:stone_axe":1,"securitycraft:cobblestone_mine":1,"minecraft:air":0,"securitycraft:dirt_mine":3,"minecraft:oak_boat":1,"biomesoplenty:mahogany_door":3,"minecraft:iron_shovel":1,"minecraft:iron_leggings":1,"minecraft:torch":116},"minecraft:dropped":{"minecraft:glow_ink_sac":3,"minecraft:crafting_table":1,"minecraft:cracked_stone_bricks":4,"minecraft:dirt":1,"botania:green_mystical_flower":4,"minecraft:gold_nugget":2,"minecraft:bone_meal":2,"minecraft:sand":5,"minecraft:white_wool":1,"minecraft:bone":7,"minecraft:stone_axe":2,"minecraft:cobbled_deepslate":5,"minecraft:rotten_flesh":35,"minecraft:oak_planks":6,"evilcraft:flesh_humanoid":1,"born_in_chaos_v1:corpse_maggot":1,"farmersdelight:rope":1,"minecraft:painting":1,"minecraft:spruce_slab":3,"minecraft:scaffolding":5,"minecraft:egg":1,"minecraft:water_bucket":1,"minecraft:iron_ingot":14,"minecraft:wheat_seeds":1,"minecraft:lilac":1,"farmersdelight:skillet":1,"minecraft:dripstone_block":1,"chococraft:gysahl_green_seeds":12,"minecraft:granite":13,"minecraft:spruce_stairs":1,"minecraft:pufferfish":1,"biomemakeover:willow_planks":3,"born_in_chaos_v1:river_mint":2,"minecraft:diorite":11,"minecraft:torch":1,"minecraft:cooked_salmon":1,"minecraft:wither_rose":1,"iceandfire:deepslate_silver_ore":1,"minecraft:string":4,"create:raw_zinc":5,"minecraft:stone_brick_slab":2,"minecraft:redstone":2,"create:ochrum":5,"minecraft:stone_sword":2,"minecraft:tuff":22,"farmersdelight:cabbage_seeds":9,"minecraft:spruce_fence":1,"minecraft:filled_map":1,"iceandfire:copper_sword":1,"minecraft:spruce_planks":1,"minecraft:diamond_pickaxe":1,"sophisticatedbackpacks:magnet_upgrade":1,"minecraft:andesite":15,"minecraft:mossy_stone_bricks":1,"minecraft:spider_eye":1,"biomemakeover:illunite_shard":2,"minecraft:stone_pickaxe":1,"minecraft:wooden_pickaxe":2,"minecraft:calcite":3,"chococraft:gysahl_green":5},"minecraft:used":{"minecraft:iron_shovel":255,"minecraft:spruce_slab":58,"minecraft:chest":8,"minecraft:shield":20,"farmersdelight:cabbage":3,"minecraft:iron_sword":334,"minecraft:rotten_flesh":1,"minecraft:iron_chestplate":1,"minecraft:carrot":10,"minecraft:spruce_boat":4,"born_in_chaos_v1:corpse_maggot":10,"born_in_chaos_v1:smoked_flesh":4,"minecraft:iron_helmet":1,"minecraft:stone_brick_stairs":4,"minecraft:furnace":7,"minecraft:diorite":7,"minecraft:wooden_pickaxe":24,"biomesoplenty:fir_planks":15,"minecraft:sand":1,"tombstone:dust_of_vanishing":1,"biomesoplenty:mahogany_door":2,"waystones:waystone":1,"born_in_chaos_v1:monster_flesh":1,"minecraft:bread":8,"minecraft:melon_slice":14,"tombstone:grave_key":4,"sons_of_sins:flesh_of_demise":2,"chococraft:gysahl_green":27,"minecraft:oak_boat":4,"minecraft:stone_sword":54,"minecraft:spruce_planks":3,"minecraft:orange_bed":2,"minecraft:torch":87,"minecraft:dirt":1159,"minecraft:granite":15,"biomesoplenty:redwood_log":1,"farmersdelight:rope":7,"minecraft:iron_axe":134,"minecraft:iron_boots":1,"minecraft:smooth_basalt":1,"minecraft:golden_carrot":3,"minecraft:beef":2,"securitycraft:dirt_mine":1,"tombstone:gift":4,"minecraft:iron_leggings":1,"minecraft:cooked_mutton":7,"minecraft:water_bucket":9,"farmersdelight:skillet":4,"minecraft:salmon":1,"securitycraft:cobblestone_mine":1,"minecraft:crafting_table":10,"born_in_chaos_v1:cultivated_pumpkin":1,"tombstone:bag_of_seeds":1,"minecraft:diamond_pickaxe":1118,"minecraft:diamond_shovel":504,"minecraft:stone_axe":30,"biomemakeover:willow_boat":1,"minecraft:cobblestone":377,"minecraft:cooked_porkchop":22,"minecraft:bucket":10,"minecraft:splash_potion":1},"minecraft:killed_by":{"born_in_chaos_v1:nightmare_stalker":1,"born_in_chaos_v1:corpse_fly":1,"minecraft:drowned":1,"minecraft:zombie":1,"iceandfire:fire_dragon":1,"minecraft:player":1,"minecraft:iron_golem":1},"minecraft:killed":{"minecraft:witch":2,"minecraft:spider":4,"iceandfire:stymphalian_bird":1,"minecraft:skeleton":8,"minecraft:silverfish":12,"minecraft:pig":18,"minecraft:creeper":1,"minecraft:sheep":8,"born_in_chaos_v1:zombie_fisherman":1,"minecraft:zombie":10,"born_in_chaos_v1:dread_hound":1,"born_in_chaos_v1:corpse_fly":9,"born_in_chaos_v1:door_knight":1,"minecraft:cow":16,"born_in_chaos_v1:zombie_clown_not_despawn":1,"born_in_chaos_v1:zombie_bruiser":1,"born_in_chaos_v1:maggot":9,"minecraft:drowned":9,"born_in_chaos_v1:corpse_fish":3,"born_in_chaos_v1:baby_skeleton":2,"born_in_chaos_v1:decrepit_skeleton":1,"sons_of_sins:betrayed_guzzler":2,"iceandfire:ghost":5,"born_in_chaos_v1:nightmare_stalker":1},"minecraft:mined":{"create:deepslate_zinc_ore":16,"minecraft:spruce_planks":1,"biomesoplenty:mahogany_door":1,"minecraft:granite":26,"minecraft:budding_amethyst":1,"minecraft:grass_block":422,"minecraft:spawner":3,"minecraft:raw_iron_block":1,"minecraft:iron_ore":68,"minecraft:fire":14,"chococraft:gysahl_green":13,"biomesoplenty:redwood_log":1,"iceandfire:gold_pile":92,"biomesoplenty:webbing":5,"botania:light_blue_mystical_flower":1,"minecraft:spruce_slab":3,"minecraft:orange_bed":1,"botania:green_mystical_flower":2,"minecraft:amethyst_cluster":3,"minecraft:clay":13,"minecraft:torch":3,"minecraft:calcite":5,"minecraft:melon":4,"botania:purple_double_flower":1,"minecraft:chest":2,"minecraft:cobblestone":100,"minecraft:oak_planks":11,"minecraft:wall_torch":6,"minecraft:amethyst_block":4,"tconstruct:budding_sky_slime_crystal":1,"farmersdelight:sandy_shrub":1,"born_in_chaos_v1:river_mint":1,"biomesoplenty:fir_log":4,"minecraft:wither_rose":2,"minecraft:stone_brick_stairs":4,"minecraft:grass":26,"biomesoplenty:clover":20,"minecraft:oak_log":12,"minecraft:sand":5,"minecraft:dirt":280,"minecraft:smooth_basalt":2,"minecraft:oak_leaves":16,"minecraft:deepslate":76,"create:zinc_ore":6,"biomemakeover:illunite_cluster":1,"minecraft:tuff":22,"iceandfire:silver_ore":9,"minecraft:deepslate_diamond_ore":1,"farmersdelight:wild_carrots":10,"biomesoplenty:desert_grass":1,"biomesoplenty:bush":1,"minecraft:spruce_fence":1,"create:ochrum":5,"iceandfire:deepslate_silver_ore":4,"farmersdelight:wild_cabbages":10,"minecraft:spruce_leaves":5,"tconstruct:large_sky_slime_crystal_bud":1,"tconstruct:sky_slime_crystal_cluster":1,"minecraft:large_fern":1,"minecraft:furnace":5,"minecraft:andesite":15,"minecraft:stripped_spruce_log":7,"farmersdelight:rope":5,"minecraft:deepslate_iron_ore":46,"minecraft:vine":1,"biomesoplenty:barley":4,"minecraft:stone":362,"minecraft:stone_brick_slab":1,"minecraft:crafting_table":8,"minecraft:lapis_ore":1,"minecraft:deepslate_gold_ore":12,"minecraft:diorite":14,"biomemakeover:willow_log":3,"biomesoplenty:mahogany_log":54,"minecraft:spruce_log":2,"minecraft:coal_ore":199,"iceandfire:silver_pile":1,"biomesoplenty:fir_leaves":20,"minecraft:gravel":131,"minecraft:dripstone_block":1,"minecraft:cobweb":17,"minecraft:cracked_stone_bricks":3,"minecraft:mossy_stone_bricks":1,"minecraft:gold_ore":7,"minecraft:fern":6}},"DataVersion":3120}