{"stats":{"minecraft:picked_up":{"minecraft:crafting_table":8,"minecraft:wooden_pickaxe":1,"minecraft:wither_rose":1,"minecraft:shield":1,"sophisticatedbackpacks:magnet_upgrade":1,"minecraft:amethyst_block":4,"minecraft:string":20,"minecraft:cooked_salmon":1,"iceandfire:graveyard_soil":5,"minecraft:cracked_stone_bricks":1,"minecraft:cobbled_deepslate":16,"farmersdelight:cabbage":3,"minecraft:beef":14,"minecraft:oak_boat":3,"minecraft:calcite":3,"minecraft:spruce_slab":7,"biomemakeover:willow_log":3,"minecraft:melon_slice":15,"minecraft:chest":1,"irons_spellbooks:inscription_table":2,"farmersdelight:cabbage_seeds":9,"minecraft:furnace":4,"minecraft:stick":3,"minecraft:raw_iron":64,"born_in_chaos_v1:shattered_skull":1,"minecraft:copper_ingot":1,"minecraft:spruce_stairs":1,"iceandfire:silver_ore":9,"minecraft:porkchop":11,"born_in_chaos_v1:nightmare_claw":1,"tombstone:grave_dust":1,"minecraft:diorite":4,"minecraft:carrot":1,"tconstruct:sky_slime_crystal":4,"minecraft:stone_sword":1,"minecraft:rotten_flesh":16,"biomesoplenty:mahogany_sapling":3,"create:ochrum":5,"farmersdelight:rope":3,"iceandfire:deepslate_silver_ore":1,"botania:green_mystical_flower":2,"minecraft:mutton":5,"minecraft:cobblestone":103,"minecraft:air":0,"minecraft:glow_ink_sac":3,"minecraft:salmon":1,"minecraft:leather":16,"biomesoplenty:fir_sapling":3,"biomesoplenty:fir_log":4,"minecraft:tuff":4,"create:raw_zinc":5,"minecraft:oak_log":6,"minecraft:gunpowder":1,"farmersdelight:skillet":1,"minecraft:lapis_lazuli":9,"minecraft:dirt":534,"born_in_chaos_v1:monster_skin":2,"minecraft:cooked_mutton":1,"chococraft:chocobo_feather":1,"minecraft:bone":2,"chococraft:gysahl_green":43,"chococraft:gold_gysahl":2,"minecraft:wheat_seeds":5,"minecraft:raw_gold":13,"minecraft:iron_ingot":1,"biomemakeover:illunite_shard":2,"minecraft:glass_bottle":30,"minecraft:oak_planks":11,"minecraft:book":27,"minecraft:scaffolding":5,"minecraft:smooth_basalt":2,"minecraft:cooked_porkchop":1,"minecraft:stone_brick_slab":2,"minecraft:raw_iron_block":1,"minecraft:dripstone_block":1,"minecraft:sand":6,"minecraft:stripped_spruce_log":7,"minecraft:amethyst_shard":8,"chococraft:gysahl_green_seeds":36,"iceandfire:stymphalian_bird_feather":14,"minecraft:spruce_log":2,"minecraft:spider_eye":1,"biomesoplenty:mahogany_log":53,"minecraft:spruce_boat":3,"minecraft:granite":3,"minecraft:coal":65},"minecraft:broken":{"minecraft:iron_shovel":1},"minecraft:custom":{"minecraft:mob_kills":82,"tombstone:use_vanishing":1,"minecraft:interact_with_crafting_table":33,"minecraft:open_barrel":7,"minecraft:damage_dealt_resisted":46,"minecraft:leave_game":1,"minecraft:time_since_death":15679,"minecraft:climb_one_cm":2449,"minecraft:sprint_one_cm":378505,"minecraft:walk_one_cm":569973,"minecraft:damage_blocked_by_shield":610,"minecraft:drop":83,"minecraft:damage_dealt_absorbed":70,"minecraft:play_time":190021,"minecraft:sneak_time":18287,"minecraft:deaths":5,"minecraft:walk_under_water_one_cm":28344,"minecraft:boat_one_cm":2787,"minecraft:jump":4261,"minecraft:walk_on_water_one_cm":51693,"minecraft:total_world_time":190021,"minecraft:interact_with_furnace":54,"tombstone:raider_killed":2,"minecraft:sleep_in_bed":5,"minecraft:waystone_activated":3,"minecraft:time_since_rest":14462,"minecraft:damage_taken":3568,"minecraft:trigger_trapped_chest":4,"minecraft:damage_dealt":13568,"minecraft:swim_one_cm":56883,"minecraft:fly_one_cm":778083,"minecraft:player_kills":1,"minecraft:open_chest":90,"minecraft:crouch_one_cm":84555,"tombstone:undead_killed":26,"minecraft:fall_one_cm":118909},"minecraft:mined":{"create:zinc_ore":6,"biomemakeover:illunite_cluster":1,"minecraft:tuff":20,"minecraft:spruce_planks":1,"iceandfire:silver_ore":9,"farmersdelight:wild_carrots":10,"biomesoplenty:desert_grass":1,"minecraft:granite":4,"minecraft:budding_amethyst":1,"biomesoplenty:bush":1,"minecraft:grass_block":330,"minecraft:spruce_fence":1,"create:ochrum":5,"iceandfire:deepslate_silver_ore":4,"farmersdelight:wild_cabbages":10,"minecraft:spruce_leaves":5,"minecraft:spawner":3,"tconstruct:large_sky_slime_crystal_bud":1,"tconstruct:sky_slime_crystal_cluster":1,"minecraft:raw_iron_block":1,"minecraft:furnace":4,"minecraft:fire":14,"minecraft:iron_ore":36,"minecraft:andesite":15,"minecraft:stripped_spruce_log":7,"farmersdelight:rope":5,"minecraft:vine":1,"iceandfire:gold_pile":92,"chococraft:gysahl_green":10,"minecraft:deepslate_iron_ore":42,"biomesoplenty:barley":4,"minecraft:stone":233,"botania:light_blue_mystical_flower":1,"minecraft:spruce_slab":3,"minecraft:orange_bed":1,"botania:green_mystical_flower":2,"minecraft:amethyst_cluster":3,"minecraft:stone_brick_slab":1,"minecraft:crafting_table":8,"minecraft:torch":1,"minecraft:calcite":5,"minecraft:melon":4,"botania:purple_double_flower":1,"minecraft:cobblestone":76,"minecraft:deepslate_gold_ore":7,"minecraft:lapis_ore":1,"minecraft:oak_planks":11,"minecraft:diorite":11,"minecraft:amethyst_block":4,"biomemakeover:willow_log":3,"tconstruct:budding_sky_slime_crystal":1,"farmersdelight:sandy_shrub":1,"biomesoplenty:mahogany_log":54,"minecraft:spruce_log":2,"born_in_chaos_v1:river_mint":1,"biomesoplenty:fir_log":4,"minecraft:wither_rose":2,"minecraft:grass":24,"biomesoplenty:clover":18,"minecraft:oak_log":6,"minecraft:coal_ore":61,"iceandfire:silver_pile":1,"biomesoplenty:fir_leaves":20,"minecraft:dirt":203,"minecraft:dripstone_block":1,"minecraft:sand":5,"minecraft:smooth_basalt":2,"minecraft:cobweb":16,"minecraft:cracked_stone_bricks":2,"minecraft:gold_ore":7,"minecraft:oak_leaves":16,"minecraft:deepslate":34,"minecraft:fern":6},"minecraft:killed":{"minecraft:witch":2,"minecraft:spider":3,"iceandfire:stymphalian_bird":1,"born_in_chaos_v1:zombie_bruiser":1,"born_in_chaos_v1:maggot":7,"minecraft:skeleton":5,"born_in_chaos_v1:corpse_fish":3,"minecraft:drowned":9,"minecraft:pig":14,"born_in_chaos_v1:baby_skeleton":1,"minecraft:creeper":1,"born_in_chaos_v1:decrepit_skeleton":1,"minecraft:sheep":8,"born_in_chaos_v1:zombie_fisherman":1,"minecraft:zombie":4,"iceandfire:ghost":4,"born_in_chaos_v1:corpse_fly":4,"born_in_chaos_v1:nightmare_stalker":1,"minecraft:cow":11},"minecraft:killed_by":{"minecraft:player":1,"minecraft:iron_golem":1,"minecraft:drowned":1,"iceandfire:fire_dragon":1},"minecraft:dropped":{"minecraft:iron_ingot":5,"minecraft:wheat_seeds":1,"minecraft:lilac":1,"minecraft:glow_ink_sac":3,"farmersdelight:skillet":1,"minecraft:crafting_table":1,"minecraft:dripstone_block":1,"chococraft:gysahl_green_seeds":10,"minecraft:granite":6,"minecraft:cracked_stone_bricks":3,"minecraft:spruce_stairs":1,"minecraft:pufferfish":1,"biomemakeover:willow_planks":3,"minecraft:dirt":1,"minecraft:diorite":11,"born_in_chaos_v1:river_mint":2,"minecraft:torch":1,"botania:green_mystical_flower":4,"minecraft:cooked_salmon":1,"minecraft:wither_rose":1,"iceandfire:deepslate_silver_ore":1,"minecraft:bone_meal":2,"minecraft:sand":5,"minecraft:string":3,"create:raw_zinc":5,"minecraft:stone_brick_slab":2,"minecraft:redstone":2,"minecraft:bone":5,"minecraft:stone_axe":1,"create:ochrum":5,"minecraft:stone_sword":2,"minecraft:cobbled_deepslate":5,"minecraft:tuff":20,"farmersdelight:cabbage_seeds":9,"minecraft:rotten_flesh":27,"minecraft:oak_planks":6,"minecraft:spruce_fence":1,"evilcraft:flesh_humanoid":1,"minecraft:filled_map":1,"iceandfire:copper_sword":1,"minecraft:spruce_planks":1,"minecraft:andesite":15,"minecraft:diamond_pickaxe":1,"sophisticatedbackpacks:magnet_upgrade":1,"born_in_chaos_v1:corpse_maggot":1,"minecraft:spider_eye":1,"farmersdelight:rope":1,"minecraft:painting":1,"minecraft:spruce_slab":3,"biomemakeover:illunite_shard":2,"minecraft:stone_pickaxe":1,"minecraft:wooden_pickaxe":2,"minecraft:calcite":3,"minecraft:scaffolding":5,"chococraft:gysahl_green":5,"minecraft:egg":1},"minecraft:used":{"minecraft:stone_sword":32,"minecraft:iron_shovel":255,"minecraft:spruce_slab":58,"minecraft:chest":3,"minecraft:spruce_planks":3,"farmersdelight:cabbage":3,"minecraft:shield":10,"minecraft:iron_sword":196,"minecraft:iron_chestplate":1,"minecraft:orange_bed":1,"minecraft:torch":36,"minecraft:dirt":483,"minecraft:carrot":10,"farmersdelight:rope":7,"minecraft:spruce_boat":4,"born_in_chaos_v1:corpse_maggot":7,"minecraft:iron_axe":123,"minecraft:iron_helmet":1,"minecraft:iron_boots":1,"minecraft:smooth_basalt":1,"minecraft:golden_carrot":3,"minecraft:beef":2,"securitycraft:dirt_mine":1,"minecraft:furnace":4,"tombstone:gift":4,"minecraft:iron_leggings":1,"minecraft:cooked_mutton":7,"minecraft:water_bucket":7,"minecraft:diorite":4,"farmersdelight:skillet":4,"minecraft:wooden_pickaxe":24,"biomesoplenty:fir_planks":15,"minecraft:salmon":1,"minecraft:sand":1,"minecraft:crafting_table":10,"tombstone:dust_of_vanishing":1,"tombstone:bag_of_seeds":1,"minecraft:diamond_pickaxe":684,"minecraft:diamond_shovel":223,"minecraft:bread":8,"minecraft:melon_slice":14,"tombstone:grave_key":2,"minecraft:stone_axe":30,"biomemakeover:willow_boat":1,"minecraft:cobblestone":113,"minecraft:bucket":8,"minecraft:cooked_porkchop":10,"chococraft:gysahl_green":19,"minecraft:oak_boat":3,"minecraft:splash_potion":1},"minecraft:crafted":{"securitycraft:mine":3,"minecraft:oak_planks":24,"minecraft:raw_iron":9,"biomesoplenty:mahogany_planks":76,"minecraft:furnace":2,"minecraft:diamond_shovel":1,"minecraft:cooked_mutton":6,"biomemakeover:willow_planks":12,"minecraft:iron_boots":1,"minecraft:spruce_slab":54,"minecraft:iron_axe":1,"minecraft:stone_pickaxe":1,"minecraft:chest":3,"minecraft:spruce_boat":1,"sophisticatedbackpacks:iron_backpack":1,"sophisticatedbackpacks:backpack":1,"minecraft:cooked_porkchop":9,"minecraft:crafting_table":3,"minecraft:spruce_planks":36,"minecraft:iron_helmet":1,"minecraft:wooden_pickaxe":1,"minecraft:iron_sword":1,"minecraft:bucket":1,"minecraft:stone_axe":1,"minecraft:air":0,"securitycraft:dirt_mine":3,"biomesoplenty:fir_planks":16,"minecraft:oak_boat":1,"minecraft:iron_chestplate":1,"minecraft:diamond_pickaxe":1,"minecraft:stick":20,"minecraft:iron_ingot":40,"minecraft:iron_shovel":1,"minecraft:stone_sword":1,"minecraft:iron_leggings":1,"biomemakeover:willow_boat":1,"minecraft:torch":36}},"DataVersion":3120}