{"stats":{"minecraft:picked_up":{"tombstone:gift":1,"minecraft:stick":2,"tconstruct:materials_and_you":1,"minecraft:sand":1,"minecraft:oak_sapling":1},"minecraft:mined":{"minecraft:grass":2,"minecraft:sand":1,"minecraft:birch_leaves":9,"minecraft:oak_leaves":14},"minecraft:killed_by":{"minecraft:skeleton":2,"minecraft:player":3},"minecraft:dropped":{"tconstruct:materials_and_you":1,"tombstone:gift":1},"minecraft:custom":{"minecraft:time_since_rest":338,"minecraft:crouch_one_cm":85,"minecraft:sprint_one_cm":48270,"minecraft:play_time":17130,"minecraft:damage_taken":1394,"minecraft:deaths":5,"minecraft:walk_one_cm":89397,"minecraft:sneak_time":27,"tombstone:sneak_grave":1,"minecraft:mob_kills":1,"minecraft:drop":2,"tombstone:tomb_raiding":4,"minecraft:jump":504,"minecraft:damage_dealt":1165,"minecraft:leave_game":5,"minecraft:time_since_death":642,"minecraft:total_world_time":17130,"minecraft:fall_one_cm":18329,"minecraft:fly_one_cm":64883,"minecraft:player_kills":5},"minecraft:used":{"minecraft:birch_planks":1,"tombstone:gift":6,"evilcraft:flesh_humanoid":2}},"DataVersion":3120}