{"stats":{"minecraft:picked_up":{"minecraft:stick":1,"minecraft:crafting_table":1,"minecraft:leather":4,"minecraft:wooden_pickaxe":1,"biomesoplenty:fir_sapling":3,"biomesoplenty:fir_log":4,"minecraft:porkchop":7,"minecraft:oak_log":3,"minecraft:shield":1,"minecraft:dirt":14,"minecraft:beef":6,"minecraft:mutton":5,"minecraft:coal":4,"minecraft:cobblestone":20},"minecraft:custom":{"minecraft:time_since_rest":16198,"minecraft:interact_with_furnace":9,"minecraft:sprint_one_cm":14976,"minecraft:damage_taken":240,"minecraft:walk_one_cm":36495,"minecraft:mob_kills":6,"minecraft:drop":2,"minecraft:damage_dealt":823,"minecraft:interact_with_crafting_table":5,"minecraft:swim_one_cm":2487,"minecraft:player_kills":1,"minecraft:fly_one_cm":33627,"minecraft:open_chest":1,"minecraft:crouch_one_cm":1104,"minecraft:play_time":16198,"minecraft:sneak_time":479,"minecraft:walk_under_water_one_cm":88,"minecraft:jump":275,"minecraft:walk_on_water_one_cm":787,"minecraft:time_since_death":16198,"minecraft:climb_one_cm":111,"minecraft:total_world_time":16198,"minecraft:fall_one_cm":10253},"minecraft:mined":{"minecraft:crafting_table":1,"biomesoplenty:fir_log":4,"minecraft:grass":3,"biomesoplenty:bush":1,"minecraft:grass_block":3,"minecraft:oak_log":3,"biomesoplenty:fir_leaves":20,"minecraft:dirt":8,"minecraft:stone":20,"minecraft:oak_leaves":7,"minecraft:fern":1},"minecraft:killed":{"minecraft:pig":4,"minecraft:cow":2},"minecraft:dropped":{"minecraft:wooden_pickaxe":2},"minecraft:used":{"minecraft:diamond_pickaxe":9,"minecraft:wooden_pickaxe":24,"biomesoplenty:fir_planks":15,"minecraft:stone_axe":14,"minecraft:crafting_table":2,"minecraft:cooked_porkchop":2},"minecraft:crafted":{"biomesoplenty:fir_planks":16,"minecraft:oak_planks":12,"minecraft:diamond_pickaxe":1,"minecraft:cooked_porkchop":4,"minecraft:crafting_table":1,"minecraft:stick":8,"minecraft:wooden_pickaxe":1,"minecraft:stone_pickaxe":1,"minecraft:stone_sword":1,"minecraft:stone_axe":1,"minecraft:air":0}},"DataVersion":3120}