{"stats":{"minecraft:picked_up":{"minecraft:crafting_table":7,"minecraft:wooden_pickaxe":1,"minecraft:wither_rose":1,"minecraft:shield":1,"sophisticatedbackpacks:magnet_upgrade":1,"minecraft:amethyst_block":4,"minecraft:string":20,"minecraft:cobbled_deepslate":16,"farmersdelight:cabbage":3,"minecraft:beef":8,"minecraft:oak_boat":2,"minecraft:calcite":3,"farmersdelight:cabbage_seeds":9,"minecraft:furnace":4,"minecraft:raw_iron":64,"minecraft:stick":1,"born_in_chaos_v1:shattered_skull":1,"iceandfire:silver_ore":9,"minecraft:porkchop":7,"tombstone:grave_dust":1,"minecraft:diorite":4,"minecraft:carrot":1,"tconstruct:sky_slime_crystal":4,"minecraft:stone_sword":1,"minecraft:rotten_flesh":12,"create:ochrum":5,"iceandfire:deepslate_silver_ore":1,"minecraft:mutton":5,"minecraft:cobblestone":36,"minecraft:air":0,"minecraft:glow_ink_sac":3,"minecraft:salmon":1,"minecraft:leather":5,"biomesoplenty:fir_sapling":3,"biomesoplenty:fir_log":4,"minecraft:oak_log":6,"minecraft:tuff":4,"create:raw_zinc":5,"farmersdelight:skillet":1,"minecraft:lapis_lazuli":9,"minecraft:dirt":14,"minecraft:cooked_mutton":1,"minecraft:bone":2,"minecraft:raw_gold":13,"biomemakeover:illunite_shard":2,"minecraft:oak_planks":11,"minecraft:smooth_basalt":2,"minecraft:cooked_porkchop":1,"minecraft:raw_iron_block":1,"minecraft:dripstone_block":1,"minecraft:amethyst_shard":8,"minecraft:granite":3,"minecraft:coal":65},"minecraft:custom":{"minecraft:mob_kills":65,"minecraft:interact_with_crafting_table":21,"minecraft:open_barrel":7,"minecraft:time_since_death":6470,"minecraft:climb_one_cm":292,"minecraft:sprint_one_cm":222290,"minecraft:walk_one_cm":304351,"minecraft:damage_blocked_by_shield":550,"minecraft:drop":50,"minecraft:deaths":2,"minecraft:play_time":100198,"minecraft:sneak_time":7027,"minecraft:walk_under_water_one_cm":26389,"minecraft:boat_one_cm":1199,"minecraft:jump":2169,"minecraft:walk_on_water_one_cm":41232,"minecraft:total_world_time":100198,"minecraft:interact_with_furnace":54,"tombstone:raider_killed":2,"minecraft:time_since_rest":6164,"minecraft:waystone_activated":1,"minecraft:damage_taken":2259,"minecraft:trigger_trapped_chest":4,"minecraft:damage_dealt":10644,"minecraft:swim_one_cm":45433,"minecraft:fly_one_cm":369281,"minecraft:player_kills":1,"minecraft:open_chest":35,"minecraft:crouch_one_cm":21006,"tombstone:undead_killed":25,"minecraft:fall_one_cm":55917},"minecraft:mined":{"create:zinc_ore":6,"biomemakeover:illunite_cluster":1,"minecraft:tuff":20,"iceandfire:silver_ore":9,"farmersdelight:wild_carrots":10,"biomesoplenty:desert_grass":1,"minecraft:granite":4,"minecraft:budding_amethyst":1,"biomesoplenty:bush":1,"minecraft:grass_block":3,"minecraft:spruce_fence":1,"create:ochrum":5,"iceandfire:deepslate_silver_ore":4,"farmersdelight:wild_cabbages":10,"minecraft:spruce_leaves":5,"tconstruct:large_sky_slime_crystal_bud":1,"minecraft:spawner":3,"tconstruct:sky_slime_crystal_cluster":1,"minecraft:raw_iron_block":1,"minecraft:furnace":4,"minecraft:iron_ore":36,"minecraft:andesite":15,"iceandfire:gold_pile":92,"minecraft:vine":1,"minecraft:deepslate_iron_ore":42,"biomesoplenty:barley":4,"minecraft:stone":202,"minecraft:orange_bed":1,"botania:green_mystical_flower":2,"minecraft:amethyst_cluster":3,"minecraft:crafting_table":7,"minecraft:torch":1,"minecraft:calcite":5,"botania:purple_double_flower":1,"minecraft:lapis_ore":1,"minecraft:deepslate_gold_ore":7,"minecraft:oak_planks":11,"minecraft:diorite":11,"minecraft:amethyst_block":4,"tconstruct:budding_sky_slime_crystal":1,"farmersdelight:sandy_shrub":1,"born_in_chaos_v1:river_mint":1,"biomesoplenty:fir_log":4,"minecraft:wither_rose":2,"minecraft:grass":8,"iceandfire:silver_pile":1,"minecraft:coal_ore":61,"minecraft:oak_log":6,"biomesoplenty:fir_leaves":20,"minecraft:dirt":9,"minecraft:dripstone_block":1,"minecraft:cracked_stone_bricks":1,"minecraft:cobweb":16,"minecraft:smooth_basalt":2,"minecraft:gold_ore":7,"minecraft:oak_leaves":16,"minecraft:deepslate":34,"minecraft:fern":1},"minecraft:killed":{"minecraft:witch":2,"born_in_chaos_v1:zombie_bruiser":1,"born_in_chaos_v1:maggot":7,"minecraft:skeleton":5,"minecraft:drowned":9,"born_in_chaos_v1:corpse_fish":3,"minecraft:pig":12,"born_in_chaos_v1:baby_skeleton":1,"born_in_chaos_v1:decrepit_skeleton":1,"minecraft:sheep":8,"born_in_chaos_v1:zombie_fisherman":1,"minecraft:zombie":3,"iceandfire:ghost":4,"born_in_chaos_v1:corpse_fly":4,"minecraft:cow":4},"minecraft:killed_by":{"minecraft:drowned":1,"iceandfire:fire_dragon":1},"minecraft:dropped":{"minecraft:wheat_seeds":1,"minecraft:glow_ink_sac":3,"farmersdelight:skillet":1,"minecraft:dripstone_block":1,"minecraft:granite":6,"minecraft:pufferfish":1,"minecraft:dirt":1,"minecraft:diorite":11,"born_in_chaos_v1:river_mint":2,"minecraft:torch":1,"botania:green_mystical_flower":4,"minecraft:bone_meal":2,"minecraft:wither_rose":1,"iceandfire:deepslate_silver_ore":1,"minecraft:string":3,"create:raw_zinc":5,"minecraft:bone":5,"minecraft:stone_axe":1,"create:ochrum":5,"minecraft:stone_sword":2,"minecraft:cobbled_deepslate":5,"minecraft:tuff":20,"farmersdelight:cabbage_seeds":9,"minecraft:rotten_flesh":25,"minecraft:oak_planks":3,"iceandfire:copper_sword":1,"minecraft:diamond_pickaxe":1,"sophisticatedbackpacks:magnet_upgrade":1,"minecraft:andesite":15,"born_in_chaos_v1:corpse_maggot":1,"farmersdelight:rope":1,"biomemakeover:illunite_shard":2,"minecraft:stone_pickaxe":1,"minecraft:wooden_pickaxe":2,"minecraft:calcite":3,"minecraft:egg":1},"minecraft:used":{"minecraft:stone_sword":32,"minecraft:shield":9,"farmersdelight:cabbage":3,"minecraft:iron_sword":147,"minecraft:iron_chestplate":1,"minecraft:torch":36,"minecraft:dirt":8,"minecraft:carrot":5,"farmersdelight:rope":2,"born_in_chaos_v1:corpse_maggot":6,"minecraft:iron_axe":32,"minecraft:iron_helmet":1,"minecraft:iron_boots":1,"minecraft:smooth_basalt":1,"minecraft:beef":2,"minecraft:furnace":4,"tombstone:gift":2,"minecraft:iron_leggings":1,"minecraft:cooked_mutton":7,"minecraft:water_bucket":6,"minecraft:diorite":4,"farmersdelight:skillet":4,"minecraft:wooden_pickaxe":24,"biomesoplenty:fir_planks":15,"minecraft:salmon":1,"minecraft:crafting_table":7,"minecraft:diamond_pickaxe":574,"minecraft:bread":6,"minecraft:stone_axe":30,"minecraft:cobblestone":14,"minecraft:cooked_porkchop":10,"minecraft:bucket":7,"minecraft:oak_boat":3,"minecraft:splash_potion":1},"minecraft:crafted":{"minecraft:oak_planks":24,"minecraft:raw_iron":9,"minecraft:furnace":2,"minecraft:cooked_mutton":6,"minecraft:iron_boots":1,"minecraft:iron_axe":1,"minecraft:stone_pickaxe":1,"minecraft:chest":1,"sophisticatedbackpacks:iron_backpack":1,"sophisticatedbackpacks:backpack":1,"minecraft:cooked_porkchop":9,"minecraft:crafting_table":1,"minecraft:wooden_pickaxe":1,"minecraft:iron_helmet":1,"minecraft:iron_sword":1,"minecraft:bucket":1,"minecraft:stone_axe":1,"minecraft:air":0,"biomesoplenty:fir_planks":16,"minecraft:oak_boat":1,"minecraft:iron_chestplate":1,"minecraft:diamond_pickaxe":1,"minecraft:stick":20,"minecraft:iron_ingot":40,"minecraft:stone_sword":1,"minecraft:iron_leggings":1,"minecraft:torch":36}},"DataVersion":3120}