{"stats":{"minecraft:picked_up":{"minecraft:wither_rose":1,"minecraft:potion":2,"minecraft:stone_brick_stairs":4,"minecraft:amethyst_block":4,"sophisticatedbackpacks:magnet_upgrade":1,"minecraft:string":22,"minecraft:cooked_salmon":6,"minecraft:cobbled_deepslate":83,"farmersdelight:cabbage":3,"minecraft:calcite":3,"minecraft:melon_slice":16,"irons_spellbooks:inscription_table":2,"farmersdelight:cabbage_seeds":12,"minecraft:furnace":7,"minecraft:stick":3,"born_in_chaos_v1:shattered_skull":1,"minecraft:torch":7,"minecraft:spruce_stairs":1,"iceandfire:silver_ore":11,"minecraft:porkchop":21,"tombstone:grave_dust":2,"minecraft:diorite":7,"born_in_chaos_v1:nightmare_claw":1,"tconstruct:sky_slime_crystal":8,"minecraft:stone_sword":1,"minecraft:rotten_flesh":33,"biomesoplenty:mahogany_sapling":6,"create:ochrum":5,"farmersdelight:rope":33,"minecraft:cobblestone":299,"farmersdelight:rice":1,"minecraft:water_bucket":1,"biomesoplenty:fir_sapling":3,"biomesoplenty:fir_log":4,"minecraft:flint":27,"minecraft:tuff":8,"create:raw_zinc":21,"minecraft:lapis_lazuli":38,"minecraft:dirt":768,"born_in_chaos_v1:monster_skin":2,"minecraft:bone":11,"minecraft:wheat_seeds":11,"minecraft:raw_gold":30,"biomemakeover:illunite_shard":2,"minecraft:mossy_stone_bricks":1,"minecraft:oak_planks":11,"minecraft:cooked_porkchop":2,"minecraft:sand":6,"minecraft:stripped_spruce_log":7,"iceandfire:stymphalian_bird_feather":28,"sons_of_sins:flesh_of_demise":2,"minecraft:bundle":1,"minecraft:diamond":4,"minecraft:spruce_boat":3,"waystones:waystone":1,"minecraft:granite":25,"biomesoplenty:redwood_log":1,"born_in_chaos_v1:diamond_termite_shard":3,"minecraft:crafting_table":11,"minecraft:clay_ball":48,"minecraft:wooden_pickaxe":1,"minecraft:shield":1,"born_in_chaos_v1:intoxicating_decoction":2,"iceandfire:graveyard_soil":5,"minecraft:cracked_stone_bricks":2,"minecraft:beef":30,"minecraft:oak_boat":4,"biomemakeover:willow_log":3,"minecraft:spruce_slab":7,"minecraft:chest":6,"minecraft:phantom_membrane":3,"minecraft:raw_iron":162,"minecraft:copper_ingot":2,"minecraft:carrot":3,"minecraft:redstone":31,"botania:black_lotus":1,"minecraft:arrow":4,"iceandfire:deepslate_silver_ore":1,"minecraft:gold_ingot":14,"botania:green_mystical_flower":2,"minecraft:mutton":7,"minecraft:white_wool":1,"born_in_chaos_v1:corpse_maggot":5,"minecraft:air":0,"born_in_chaos_v1:monster_flesh":1,"minecraft:glow_ink_sac":5,"minecraft:salmon":1,"minecraft:leather":35,"minecraft:oak_log":12,"iceandfire:ectoplasm":6,"minecraft:gunpowder":1,"farmersdelight:skillet":1,"minecraft:cooked_mutton":1,"chococraft:chocobo_feather":2,"chococraft:gysahl_green":51,"chococraft:gold_gysahl":2,"minecraft:iron_ingot":20,"minecraft:glass_bottle":30,"minecraft:book":54,"minecraft:scaffolding":5,"minecraft:smooth_basalt":2,"minecraft:stone_brick_slab":2,"minecraft:raw_iron_block":1,"minecraft:dripstone_block":1,"minecraft:gravel":215,"minecraft:amethyst_shard":8,"chococraft:gysahl_green_seeds":64,"minecraft:spruce_log":2,"minecraft:spider_eye":2,"biomesoplenty:mahogany_log":53,"biomesoplenty:mahogany_door":1,"evilcraft:dark_gem":30,"minecraft:coal":235},"minecraft:broken":{"minecraft:iron_shovel":1,"minecraft:iron_boots":1,"minecraft:iron_leggings":1,"minecraft:iron_sword":1,"minecraft:iron_helmet":1},"minecraft:custom":{"minecraft:interact_with_crafting_table":46,"minecraft:open_barrel":7,"minecraft:leave_game":7,"minecraft:time_since_death":9866,"minecraft:sprint_one_cm":556578,"minecraft:damage_blocked_by_shield":1320,"minecraft:drop":109,"minecraft:play_time":330692,"minecraft:deaths":11,"minecraft:jump":6865,"minecraft:interact_with_brewingstand":1,"minecraft:walk_on_water_one_cm":74499,"minecraft:interact_with_furnace":93,"minecraft:sleep_in_bed":13,"minecraft:waystone_activated":5,"tombstone:sneak_grave":1,"minecraft:damage_dealt":22354,"minecraft:player_kills":1,"minecraft:crouch_one_cm":169303,"tombstone:undead_killed":42,"minecraft:mob_kills":139,"tombstone:use_vanishing":1,"minecraft:damage_dealt_resisted":1006,"minecraft:climb_one_cm":2449,"minecraft:walk_one_cm":1007296,"minecraft:damage_dealt_absorbed":70,"minecraft:sneak_time":37531,"minecraft:walk_under_water_one_cm":37284,"minecraft:boat_one_cm":2945,"minecraft:total_world_time":330692,"tombstone:raider_killed":3,"minecraft:time_since_rest":9347,"minecraft:damage_taken":6850,"minecraft:trigger_trapped_chest":5,"minecraft:swim_one_cm":70934,"minecraft:fly_one_cm":1238766,"minecraft:open_chest":202,"minecraft:fall_one_cm":178968},"minecraft:crafted":{"securitycraft:mine":6,"minecraft:oak_planks":48,"minecraft:stone":24,"minecraft:diamond_shovel":1,"minecraft:cooked_mutton":6,"biomemakeover:willow_planks":12,"minecraft:iron_boots":2,"minecraft:melon_seeds":1,"minecraft:chest":3,"minecraft:stone_bricks":24,"sophisticatedbackpacks:backpack":1,"minecraft:cooked_porkchop":28,"minecraft:crafting_table":4,"minecraft:spruce_planks":36,"minecraft:wooden_pickaxe":1,"minecraft:iron_helmet":2,"biomesoplenty:fir_planks":16,"minecraft:stone_brick_stairs":16,"minecraft:iron_chestplate":1,"minecraft:diamond_pickaxe":1,"minecraft:stick":72,"minecraft:iron_ingot":76,"minecraft:stone_sword":1,"minecraft:gold_ingot":101,"biomemakeover:willow_boat":1,"minecraft:shears":1,"minecraft:raw_iron":9,"biomesoplenty:mahogany_planks":124,"minecraft:furnace":4,"minecraft:iron_axe":1,"securitycraft:universal_block_remover":1,"minecraft:spruce_slab":54,"minecraft:stone_pickaxe":1,"minecraft:spruce_boat":1,"sophisticatedbackpacks:iron_backpack":1,"minecraft:cooked_beef":8,"minecraft:iron_sword":1,"sophisticatedbackpacks:gold_backpack":1,"minecraft:bucket":1,"minecraft:stone_axe":1,"securitycraft:cobblestone_mine":1,"minecraft:air":0,"securitycraft:dirt_mine":3,"minecraft:oak_boat":1,"biomesoplenty:mahogany_door":3,"minecraft:iron_shovel":1,"minecraft:iron_leggings":1,"minecraft:torch":152},"minecraft:dropped":{"minecraft:glow_ink_sac":5,"minecraft:crafting_table":1,"minecraft:cracked_stone_bricks":4,"minecraft:flint":4,"minecraft:dirt":7,"botania:green_mystical_flower":4,"minecraft:bone_meal":2,"minecraft:gold_nugget":2,"minecraft:sand":5,"minecraft:white_wool":1,"minecraft:bone":7,"minecraft:stone_axe":2,"minecraft:cobbled_deepslate":5,"minecraft:rotten_flesh":43,"minecraft:oak_planks":6,"evilcraft:flesh_humanoid":1,"born_in_chaos_v1:corpse_maggot":1,"farmersdelight:rope":1,"minecraft:painting":1,"minecraft:spruce_slab":3,"minecraft:arrow":4,"minecraft:scaffolding":5,"minecraft:egg":1,"minecraft:water_bucket":1,"minecraft:iron_ingot":14,"minecraft:wheat_seeds":1,"minecraft:lilac":1,"farmersdelight:skillet":1,"minecraft:dripstone_block":1,"chococraft:gysahl_green_seeds":12,"minecraft:granite":13,"minecraft:spruce_stairs":1,"minecraft:pufferfish":1,"biomemakeover:willow_planks":3,"born_in_chaos_v1:river_mint":2,"minecraft:diorite":11,"minecraft:torch":2,"minecraft:cooked_salmon":1,"minecraft:wither_rose":1,"iceandfire:deepslate_silver_ore":1,"minecraft:string":4,"create:raw_zinc":5,"minecraft:stone_brick_slab":2,"minecraft:redstone":2,"create:ochrum":5,"minecraft:stone_sword":2,"minecraft:tuff":24,"farmersdelight:cabbage_seeds":9,"iceandfire:silver_ore":2,"minecraft:spruce_fence":1,"minecraft:filled_map":1,"iceandfire:copper_sword":1,"minecraft:spruce_planks":1,"minecraft:diamond_pickaxe":1,"sophisticatedbackpacks:magnet_upgrade":1,"minecraft:andesite":15,"minecraft:mossy_stone_bricks":1,"minecraft:spider_eye":2,"biomemakeover:illunite_shard":2,"minecraft:stone_pickaxe":1,"minecraft:wooden_pickaxe":2,"minecraft:calcite":3,"chococraft:gysahl_green":5},"minecraft:used":{"minecraft:iron_shovel":255,"minecraft:spruce_slab":58,"minecraft:chest":8,"minecraft:shield":29,"farmersdelight:cabbage":3,"minecraft:iron_sword":334,"minecraft:rotten_flesh":1,"minecraft:iron_chestplate":1,"minecraft:carrot":10,"minecraft:spruce_boat":4,"born_in_chaos_v1:corpse_maggot":10,"born_in_chaos_v1:smoked_flesh":4,"minecraft:iron_helmet":1,"minecraft:stone_brick_stairs":4,"minecraft:furnace":9,"minecraft:diorite":7,"minecraft:wooden_pickaxe":24,"biomesoplenty:fir_planks":15,"minecraft:sand":1,"tombstone:dust_of_vanishing":1,"biomesoplenty:mahogany_door":2,"waystones:waystone":1,"born_in_chaos_v1:monster_flesh":1,"minecraft:melon_slice":14,"minecraft:bread":8,"tombstone:grave_key":5,"sons_of_sins:flesh_of_demise":2,"chococraft:gysahl_green":27,"minecraft:oak_boat":4,"minecraft:stone_sword":105,"minecraft:spruce_planks":3,"minecraft:orange_bed":2,"minecraft:torch":149,"minecraft:dirt":1159,"minecraft:granite":15,"biomesoplenty:redwood_log":1,"farmersdelight:rope":7,"minecraft:iron_axe":137,"minecraft:iron_boots":1,"minecraft:smooth_basalt":1,"minecraft:golden_carrot":3,"minecraft:beef":2,"securitycraft:dirt_mine":1,"tombstone:gift":5,"minecraft:cooked_beef":6,"minecraft:cobbled_deepslate":19,"minecraft:iron_leggings":1,"minecraft:cooked_mutton":7,"minecraft:water_bucket":10,"farmersdelight:skillet":4,"minecraft:salmon":1,"securitycraft:cobblestone_mine":1,"minecraft:crafting_table":13,"born_in_chaos_v1:cultivated_pumpkin":1,"tombstone:bag_of_seeds":1,"minecraft:diamond_pickaxe":1321,"minecraft:diamond_shovel":616,"minecraft:stone_axe":30,"biomemakeover:willow_boat":1,"minecraft:cobblestone":377,"minecraft:cooked_porkchop":22,"minecraft:bucket":11,"minecraft:splash_potion":1},"minecraft:killed_by":{"born_in_chaos_v1:nightmare_stalker":1,"born_in_chaos_v1:corpse_fly":1,"minecraft:drowned":1,"minecraft:zombie":1,"iceandfire:fire_dragon":1,"minecraft:player":1,"minecraft:enderman":1,"minecraft:iron_golem":1},"minecraft:killed":{"minecraft:cave_spider":1,"minecraft:witch":2,"minecraft:spider":4,"iceandfire:stymphalian_bird":1,"minecraft:skeleton":8,"minecraft:illusioner":1,"minecraft:silverfish":12,"minecraft:pig":18,"born_in_chaos_v1:diamond_termite":2,"born_in_chaos_v1:wither_scuttler":2,"minecraft:creeper":1,"minecraft:sheep":8,"born_in_chaos_v1:zombie_fisherman":1,"minecraft:zombie":10,"born_in_chaos_v1:dread_hound":1,"born_in_chaos_v1:corpse_fly":10,"born_in_chaos_v1:door_knight":1,"minecraft:cow":16,"born_in_chaos_v1:zombie_clown_not_despawn":1,"born_in_chaos_v1:zombie_bruiser":1,"born_in_chaos_v1:maggot":9,"born_in_chaos_v1:corpse_fish":3,"minecraft:drowned":9,"born_in_chaos_v1:baby_skeleton":2,"born_in_chaos_v1:decrepit_skeleton":4,"sons_of_sins:betrayed_guzzler":2,"iceandfire:ghost":5,"born_in_chaos_v1:nightmare_stalker":1},"minecraft:mined":{"create:deepslate_zinc_ore":16,"minecraft:spruce_planks":1,"biomesoplenty:mahogany_door":1,"minecraft:granite":26,"minecraft:budding_amethyst":1,"minecraft:grass_block":422,"minecraft:spawner":3,"minecraft:raw_iron_block":1,"minecraft:iron_ore":127,"minecraft:fire":14,"chococraft:gysahl_green":13,"biomesoplenty:redwood_log":1,"iceandfire:gold_pile":92,"biomesoplenty:webbing":5,"botania:light_blue_mystical_flower":1,"minecraft:spruce_slab":3,"minecraft:orange_bed":1,"botania:green_mystical_flower":2,"minecraft:deepslate_redstone_ore":7,"minecraft:amethyst_cluster":3,"born_in_chaos_v1:infected_deepslate_diamond_ore":2,"minecraft:clay":13,"minecraft:torch":3,"minecraft:calcite":5,"minecraft:melon":4,"botania:purple_double_flower":1,"minecraft:chest":2,"minecraft:cobblestone":100,"minecraft:oak_planks":11,"minecraft:wall_torch":6,"minecraft:amethyst_block":4,"tconstruct:budding_sky_slime_crystal":1,"farmersdelight:sandy_shrub":1,"evilcraft:dark_ore_deepslate":6,"born_in_chaos_v1:river_mint":1,"biomesoplenty:fir_log":4,"minecraft:wither_rose":2,"minecraft:stone_brick_stairs":4,"minecraft:grass":26,"biomesoplenty:clover":20,"minecraft:oak_log":12,"minecraft:sand":5,"minecraft:dirt":280,"minecraft:smooth_basalt":2,"minecraft:oak_leaves":16,"minecraft:deepslate":104,"create:zinc_ore":6,"biomemakeover:illunite_cluster":1,"minecraft:tuff":23,"iceandfire:silver_ore":11,"minecraft:deepslate_diamond_ore":3,"farmersdelight:wild_carrots":10,"biomesoplenty:desert_grass":1,"biomesoplenty:bush":1,"minecraft:spruce_fence":1,"create:ochrum":5,"iceandfire:deepslate_silver_ore":4,"farmersdelight:wild_cabbages":10,"minecraft:spruce_leaves":5,"tconstruct:large_sky_slime_crystal_bud":1,"tconstruct:sky_slime_crystal_cluster":1,"minecraft:large_fern":1,"minecraft:furnace":7,"minecraft:andesite":15,"minecraft:stripped_spruce_log":7,"farmersdelight:rope":5,"minecraft:deepslate_iron_ore":49,"minecraft:vine":1,"biomesoplenty:barley":4,"biomesoplenty:spider_egg":1,"minecraft:stone":402,"minecraft:stone_brick_slab":1,"minecraft:crafting_table":11,"minecraft:lapis_ore":6,"minecraft:deepslate_gold_ore":24,"minecraft:diorite":14,"biomemakeover:willow_log":3,"biomesoplenty:mahogany_log":54,"minecraft:spruce_log":2,"minecraft:coal_ore":232,"iceandfire:silver_pile":1,"biomesoplenty:fir_leaves":20,"minecraft:gravel":243,"minecraft:dripstone_block":1,"minecraft:cobweb":17,"minecraft:cracked_stone_bricks":3,"minecraft:mossy_stone_bricks":1,"minecraft:gold_ore":7,"minecraft:fern":6}},"DataVersion":3120}