{"stats":{"minecraft:picked_up":{"minecraft:oak_log":11},"minecraft:mined":{"minecraft:oak_log":11,"minecraft:vine":1,"minecraft:oak_leaves":6},"minecraft:custom":{"minecraft:jump":82,"minecraft:time_since_rest":1,"minecraft:deaths":2,"minecraft:damage_taken":495,"minecraft:sprint_one_cm":17247,"minecraft:play_time":5578,"minecraft:walk_on_water_one_cm":2387,"minecraft:time_since_death":397,"minecraft:walk_one_cm":7452,"minecraft:trigger_trapped_chest":2,"minecraft:sneak_time":10,"minecraft:total_world_time":5578,"minecraft:walk_under_water_one_cm":1427,"minecraft:swim_one_cm":17595,"minecraft:fall_one_cm":209,"minecraft:fly_one_cm":17463},"minecraft:killed_by":{"iceandfire:ghost":2}},"DataVersion":3120}