{"stats":{"minecraft:picked_up":{"minecraft:stick":2,"minecraft:crafting_table":1,"minecraft:torch":1,"biomesoplenty:fir_log":20,"minecraft:tuff":1,"minecraft:dirt":3,"minecraft:wheat_seeds":1,"minecraft:cobbled_deepslate":7,"minecraft:sugar_cane":2,"minecraft:coal":23,"minecraft:cobblestone":105},"minecraft:custom":{"minecraft:time_since_rest":8753,"minecraft:sprint_one_cm":7880,"minecraft:damage_taken":370,"minecraft:walk_one_cm":24798,"minecraft:interact_with_crafting_table":4,"minecraft:fly_one_cm":12831,"minecraft:open_chest":2,"minecraft:play_time":13405,"minecraft:deaths":1,"minecraft:walk_under_water_one_cm":316,"minecraft:jump":127,"minecraft:walk_on_water_one_cm":900,"minecraft:time_since_death":9354,"minecraft:total_world_time":13405,"minecraft:fall_one_cm":1914},"minecraft:mined":{"minecraft:tuff":1,"biomesoplenty:fir_log":21,"minecraft:crafting_table":1,"minecraft:grass":5,"biomesoplenty:bush":2,"minecraft:grass_block":2,"minecraft:coal_ore":23,"biomesoplenty:fir_leaves":2,"minecraft:dirt":1,"biomesoplenty:barley":13,"minecraft:cobblestone":1,"minecraft:stone":104,"minecraft:sugar_cane":1,"minecraft:deepslate":7,"minecraft:wall_torch":1,"minecraft:fern":1},"minecraft:killed_by":{"minecraft:player":1},"minecraft:used":{"minecraft:wooden_axe":14,"minecraft:stone_pickaxe":105,"minecraft:chest":1,"minecraft:wooden_pickaxe":31,"minecraft:torch":3,"minecraft:dirt":1,"minecraft:cobblestone":4,"minecraft:crafting_table":1},"minecraft:crafted":{"biomesoplenty:fir_planks":80,"minecraft:wooden_sword":1,"minecraft:stone_shovel":1,"minecraft:crafting_table":2,"minecraft:stick":16,"minecraft:wooden_pickaxe":1,"minecraft:stone_pickaxe":1,"minecraft:wooden_axe":1,"minecraft:stone_sword":1,"minecraft:chest":1,"minecraft:torch":24,"minecraft:stone_axe":1}},"DataVersion":3120}