{"stats":{"minecraft:picked_up":{"minecraft:wooden_axe":1,"chococraft:loverly_gysahl_green":1,"born_in_chaos_v1:corpse_maggot":2,"minecraft:crafting_table":7,"minecraft:andesite":8,"minecraft:leather":10,"botania:blue_mushroom":1,"minecraft:wooden_pickaxe":2,"biomesoplenty:fir_log":20,"minecraft:tuff":1,"minecraft:brewing_stand":1,"minecraft:paper":2,"minecraft:dirt":9,"minecraft:string":23,"minecraft:wooden_sword":1,"irons_spellbooks:common_ink":1,"chococraft:gysahl_green":16,"minecraft:candle":2,"irons_spellbooks:arcane_essence":3,"minecraft:wheat_seeds":4,"minecraft:smooth_stone":4,"minecraft:cobbled_deepslate":7,"minecraft:bucket":1,"minecraft:beef":8,"minecraft:stone_pickaxe":1,"irons_spellbooks:epic_ink":1,"minecraft:calcite":3,"minecraft:lectern":1,"irons_spellbooks:inscription_table":2,"minecraft:sugar_cane":26,"minecraft:chest":2,"minecraft:oak_planks":1,"minecraft:furnace":2,"minecraft:book":27,"minecraft:stick":13,"minecraft:raw_iron":45,"irons_spellbooks:legendary_ink":1,"patchouli:guide_book":1,"minecraft:torch":3,"botania:black_mushroom":2,"minecraft:amethyst_shard":4,"chococraft:gysahl_green_seeds":7,"minecraft:diorite":15,"irons_spellbooks:fire_rune":1,"minecraft:barrel":1,"minecraft:spider_eye":1,"create:crimsite":4,"minecraft:rotten_flesh":1,"botania:orange_mushroom":2,"create:veridium":2,"minecraft:obsidian":1,"minecraft:blaze_powder":2,"minecraft:coal":45,"minecraft:rail":2,"minecraft:cobblestone":300,"irons_spellbooks:scroll":2},"minecraft:custom":{"minecraft:interact_with_furnace":27,"minecraft:mob_kills":17,"minecraft:interact_with_crafting_table":29,"minecraft:open_barrel":28,"minecraft:time_since_death":8136,"minecraft:climb_one_cm":450,"minecraft:time_since_rest":7845,"minecraft:sprint_one_cm":101368,"minecraft:damage_taken":1040,"minecraft:walk_one_cm":228724,"minecraft:drop":3,"minecraft:damage_dealt":2974,"minecraft:crouch_one_cm":1475,"minecraft:swim_one_cm":1364,"minecraft:fly_one_cm":70184,"minecraft:open_chest":30,"minecraft:play_time":61405,"tombstone:undead_killed":1,"minecraft:deaths":3,"minecraft:sneak_time":430,"minecraft:walk_under_water_one_cm":2386,"minecraft:interact_with_lectern":1,"minecraft:jump":594,"minecraft:walk_on_water_one_cm":5831,"minecraft:total_world_time":61405,"minecraft:fall_one_cm":12176},"minecraft:broken":{"minecraft:stone_pickaxe":2},"minecraft:mined":{"minecraft:large_amethyst_bud":1,"minecraft:tuff":2,"minecraft:amethyst_cluster":1,"minecraft:brewing_stand":1,"minecraft:crafting_table":5,"minecraft:torch":1,"botania:black_mushroom":1,"biomesoplenty:bush":2,"minecraft:grass_block":3,"minecraft:chest":2,"minecraft:lectern":1,"botania:orange_mushroom":2,"minecraft:cobblestone":4,"minecraft:sugar_cane":6,"minecraft:diorite":9,"minecraft:wall_torch":1,"botania:blue_mushroom":1,"minecraft:furnace":2,"minecraft:iron_ore":43,"minecraft:barrel":1,"minecraft:andesite":7,"minecraft:bookshelf":9,"biomesoplenty:fir_log":21,"minecraft:grass":9,"chococraft:gysahl_green":7,"minecraft:coal_ore":32,"biomesoplenty:fir_leaves":2,"minecraft:dirt":1,"minecraft:cobweb":21,"biomesoplenty:barley":13,"irons_spellbooks:inscription_table":2,"minecraft:stone":291,"create:veridium":7,"create:crimsite":4,"minecraft:infested_stone":1,"minecraft:deepslate":7,"minecraft:fern":1},"minecraft:killed":{"minecraft:cave_spider":1,"irons_spellbooks:pyromancer":1,"born_in_chaos_v1:maggot":3,"minecraft:horse":5,"minecraft:zombie":1,"born_in_chaos_v1:corpse_fly":1,"minecraft:silverfish":1,"minecraft:cow":4},"minecraft:killed_by":{"minecraft:player":1,"irons_spellbooks:pyromancer":1},"minecraft:dropped":{"minecraft:wheat_seeds":1,"botania:black_mushroom":1,"minecraft:wooden_pickaxe":1},"minecraft:used":{"stalwart_dungeons:iron_hammer":31,"minecraft:stone_sword":43,"minecraft:stone_pickaxe":378,"create:veridium":1,"create:crimsite":1,"minecraft:chest":3,"minecraft:wooden_pickaxe":31,"minecraft:iron_sword":2,"botania:orange_mushroom":1,"minecraft:rotten_flesh":1,"minecraft:torch":43,"minecraft:dirt":2,"minecraft:rail":1,"minecraft:crafting_table":3,"botania:apothecary_default":1,"minecraft:wooden_axe":14,"minecraft:iron_axe":15,"minecraft:iron_pickaxe":4,"minecraft:iron_boots":1,"minecraft:stone_axe":4,"minecraft:cobblestone":11,"minecraft:beef":5,"minecraft:iron_leggings":1},"minecraft:crafted":{"minecraft:wooden_sword":1,"minecraft:smooth_stone":4,"minecraft:stone_shovel":1,"sophisticatedbackpacks:backpack":1,"minecraft:crafting_table":3,"minecraft:iron_helmet":1,"minecraft:wooden_pickaxe":1,"minecraft:iron_sword":1,"minecraft:stone":8,"minecraft:bucket":1,"minecraft:stone_axe":1,"minecraft:air":0,"biomesoplenty:fir_planks":80,"minecraft:white_wool":3,"minecraft:iron_boots":1,"minecraft:shield":1,"minecraft:iron_axe":1,"minecraft:stick":44,"minecraft:iron_ingot":46,"minecraft:iron_pickaxe":1,"minecraft:stone_pickaxe":2,"minecraft:wooden_axe":1,"minecraft:iron_shovel":1,"minecraft:stone_sword":1,"minecraft:chest":3,"minecraft:iron_leggings":2,"minecraft:white_bed":1,"stalwart_dungeons:iron_hammer":1,"botania:apothecary_default":1,"minecraft:torch":48}},"DataVersion":3120}