{"stats":{"minecraft:picked_up":{"minecraft:wooden_axe":1,"born_in_chaos_v1:corpse_maggot":2,"minecraft:crafting_table":6,"botania:blue_mushroom":1,"minecraft:wooden_pickaxe":1,"biomesoplenty:fir_log":20,"minecraft:tuff":1,"minecraft:dirt":5,"minecraft:string":23,"minecraft:wooden_sword":1,"minecraft:wheat_seeds":2,"minecraft:cobbled_deepslate":7,"minecraft:stone_pickaxe":1,"minecraft:calcite":3,"minecraft:sugar_cane":4,"minecraft:chest":1,"minecraft:oak_planks":1,"minecraft:stick":2,"minecraft:raw_iron":37,"minecraft:torch":3,"botania:black_mushroom":1,"minecraft:diorite":5,"minecraft:spider_eye":1,"create:crimsite":4,"minecraft:rotten_flesh":1,"botania:orange_mushroom":2,"create:veridium":2,"minecraft:coal":32,"minecraft:rail":1,"minecraft:cobblestone":251},"minecraft:custom":{"minecraft:interact_with_furnace":4,"minecraft:mob_kills":6,"minecraft:interact_with_crafting_table":5,"minecraft:time_since_death":3228,"minecraft:time_since_rest":2935,"minecraft:sprint_one_cm":68381,"minecraft:damage_taken":750,"minecraft:walk_one_cm":179337,"minecraft:damage_dealt":810,"minecraft:fly_one_cm":23036,"minecraft:open_chest":3,"minecraft:play_time":37405,"tombstone:undead_killed":1,"minecraft:deaths":2,"minecraft:walk_under_water_one_cm":1909,"minecraft:jump":352,"minecraft:walk_on_water_one_cm":5090,"minecraft:total_world_time":37405,"minecraft:fall_one_cm":6609},"minecraft:broken":{"minecraft:stone_pickaxe":2},"minecraft:mined":{"minecraft:large_amethyst_bud":1,"minecraft:tuff":2,"minecraft:crafting_table":4,"minecraft:torch":1,"botania:black_mushroom":1,"biomesoplenty:bush":2,"minecraft:grass_block":2,"minecraft:chest":1,"botania:orange_mushroom":2,"minecraft:cobblestone":4,"minecraft:sugar_cane":1,"minecraft:diorite":2,"minecraft:wall_torch":1,"botania:blue_mushroom":1,"minecraft:iron_ore":35,"biomesoplenty:fir_log":21,"minecraft:grass":5,"minecraft:coal_ore":32,"biomesoplenty:fir_leaves":2,"minecraft:dirt":1,"minecraft:cobweb":21,"biomesoplenty:barley":13,"minecraft:stone":249,"create:veridium":7,"create:crimsite":4,"minecraft:deepslate":7,"minecraft:fern":1},"minecraft:killed":{"minecraft:cave_spider":1,"born_in_chaos_v1:maggot":3,"minecraft:zombie":1,"born_in_chaos_v1:corpse_fly":1},"minecraft:killed_by":{"minecraft:player":1},"minecraft:used":{"minecraft:stone_sword":41,"minecraft:stone_pickaxe":313,"create:veridium":1,"create:crimsite":1,"minecraft:chest":2,"minecraft:wooden_pickaxe":31,"botania:orange_mushroom":1,"minecraft:rotten_flesh":1,"minecraft:torch":43,"minecraft:dirt":1,"minecraft:rail":1,"minecraft:crafting_table":2,"minecraft:wooden_axe":14,"minecraft:stone_axe":4,"minecraft:cobblestone":6},"minecraft:crafted":{"minecraft:wooden_sword":1,"minecraft:stone_shovel":1,"minecraft:crafting_table":2,"minecraft:wooden_pickaxe":1,"minecraft:stone_axe":1,"biomesoplenty:fir_planks":80,"minecraft:stick":24,"minecraft:stone_pickaxe":2,"minecraft:wooden_axe":1,"minecraft:stone_sword":1,"minecraft:chest":1,"minecraft:torch":40}},"DataVersion":3120}