{"stats":{"minecraft:picked_up":{"minecraft:wheat_seeds":1,"minecraft:dirt":1},"minecraft:custom":{"minecraft:jump":13,"minecraft:time_since_rest":1405,"minecraft:play_time":1405,"minecraft:time_since_death":1405,"minecraft:walk_one_cm":4416,"minecraft:total_world_time":1405,"minecraft:fall_one_cm":267,"minecraft:fly_one_cm":27},"minecraft:mined":{"minecraft:grass":5,"biomesoplenty:barley":13,"biomesoplenty:bush":2,"minecraft:grass_block":1},"minecraft:used":{"minecraft:dirt":1}},"DataVersion":3120}