{"stats":{"minecraft:picked_up":{"minecraft:wooden_axe":1,"irons_spellbooks:scroll":3,"minecraft:allium":15,"chococraft:loverly_gysahl_green":16,"minecraft:crafting_table":14,"minecraft:wheat":1,"botania:blue_mushroom":1,"minecraft:wooden_pickaxe":2,"minecraft:stone_brick_wall":2,"minecraft:stone_brick_stairs":83,"minecraft:brewing_stand":1,"iceandfire:manuscript":18,"minecraft:string":30,"minecraft:red_bed":3,"minecraft:wooden_sword":1,"biomesoplenty:tall_lavender":1,"minecraft:compass":4,"minecraft:cobbled_deepslate":7,"iceandfire:graveyard_soil":10,"irons_spellbooks:arcane_essence":3,"minecraft:candle":2,"minecraft:smooth_stone":4,"minecraft:bucket":1,"minecraft:spruce_planks":49,"minecraft:beef":47,"minecraft:oak_boat":6,"irons_spellbooks:epic_ink":1,"minecraft:calcite":3,"minecraft:spruce_slab":6,"minecraft:lectern":3,"minecraft:sugar_cane":128,"minecraft:chest":17,"irons_spellbooks:inscription_table":4,"minecraft:spruce_trapdoor":30,"minecraft:furnace":8,"minecraft:stick":38,"minecraft:raw_iron":50,"iceandfire:ghost_chest":5,"minecraft:copper_ingot":1,"minecraft:torch":3,"botania:black_mushroom":2,"minecraft:spruce_stairs":21,"farmersdelight:tomato_seeds":12,"tconstruct:sky_slime_dirt":3,"minecraft:stone_button":3,"tconstruct:earth_slime_bucket":2,"tombstone:grave_dust":2,"minecraft:diorite":15,"irons_spellbooks:fire_rune":1,"iceandfire:silver_ingot":9,"minecraft:arrow":6,"minecraft:rotten_flesh":54,"biomesoplenty:mahogany_sapling":1,"farmersdelight:onion":11,"minecraft:hay_block":3,"botania:blue_mystical_flower":4,"botania:blue_double_flower":1,"create:veridium":2,"minecraft:white_wool":3,"minecraft:mutton":3,"minecraft:rail":2,"botania:green_mystical_flower":5,"minecraft:obsidian":1,"minecraft:iron_bars":19,"minecraft:skeleton_skull":3,"minecraft:blaze_powder":2,"minecraft:cobblestone":736,"biomesoplenty:lavender":4,"born_in_chaos_v1:corpse_maggot":11,"minecraft:feather":1,"tconstruct:greenheart_log":36,"minecraft:andesite":8,"minecraft:leather":21,"minecraft:potato":24,"biomesoplenty:fir_log":20,"minecraft:tuff":1,"minecraft:oak_log":50,"evilcraft:flesh_humanoid":3,"minecraft:dirt":1882,"minecraft:paper":26,"minecraft:lantern":3,"botania:black_mystical_flower":3,"irons_spellbooks:common_ink":1,"chococraft:chocobo_feather":1,"minecraft:bone":3,"chococraft:gysahl_green":177,"minecraft:apple":26,"minecraft:stone_bricks":4,"chococraft:gold_gysahl":7,"minecraft:wheat_seeds":32,"minecraft:bell":3,"minecraft:iron_ingot":20,"minecraft:stone_pickaxe":1,"minecraft:cobweb":9,"minecraft:mossy_stone_bricks":1,"minecraft:glass_bottle":284,"minecraft:oak_planks":5,"biomesoplenty:cherry_log":54,"biomesoplenty:mahogany_planks":19,"minecraft:book":27,"minecraft:ghast_tear":2,"minecraft:scaffolding":1,"botania:red_mystical_flower":4,"irons_spellbooks:legendary_ink":1,"minecraft:sweet_berries":18,"securitycraft:dirt_mine":2,"patchouli:guide_book":1,"minecraft:dandelion":6,"minecraft:amethyst_shard":4,"biomesoplenty:white_cherry_sapling":4,"chococraft:gysahl_green_seeds":47,"biomesoplenty:mahogany_log":27,"botania:red_double_flower":1,"minecraft:spider_eye":1,"minecraft:barrel":1,"minecraft:polished_andesite":15,"create:crimsite":4,"minecraft:slime_ball":96,"waystones:waystone":1,"botania:orange_mushroom":2,"minecraft:bread":27,"minecraft:oak_sapling":4,"born_in_chaos_v1:rotten_fish":8,"minecraft:coal":80},"minecraft:broken":{"minecraft:iron_shovel":1,"minecraft:stone_pickaxe":2,"minecraft:iron_pickaxe":1,"minecraft:stone_shovel":12},"minecraft:custom":{"minecraft:mob_kills":44,"minecraft:interact_with_crafting_table":59,"minecraft:open_barrel":28,"minecraft:leave_game":1,"minecraft:time_since_death":42692,"minecraft:climb_one_cm":738,"minecraft:sprint_one_cm":556516,"minecraft:walk_one_cm":639867,"minecraft:drop":24,"minecraft:play_time":239034,"minecraft:sneak_time":1158,"minecraft:deaths":9,"minecraft:walk_under_water_one_cm":17834,"minecraft:boat_one_cm":3071,"minecraft:interact_with_lectern":1,"minecraft:jump":4357,"minecraft:walk_on_water_one_cm":58972,"minecraft:total_world_time":239034,"minecraft:interact_with_furnace":38,"minecraft:interact_with_cartography_table":1,"minecraft:sleep_in_bed":10,"minecraft:time_since_rest":10677,"minecraft:waystone_activated":3,"minecraft:damage_taken":4635,"minecraft:trigger_trapped_chest":3,"minecraft:damage_dealt":7638,"minecraft:swim_one_cm":74241,"minecraft:fly_one_cm":966531,"minecraft:crouch_one_cm":2870,"minecraft:open_chest":145,"tombstone:undead_killed":8,"minecraft:fall_one_cm":124306},"minecraft:crafted":{"minecraft:wooden_sword":1,"minecraft:smooth_stone":12,"minecraft:oak_planks":40,"minecraft:stone_shovel":15,"biomesoplenty:mahogany_planks":20,"minecraft:stone":16,"stalwart_dungeons:diamond_hammer":1,"minecraft:iron_boots":1,"tconstruct:greenheart_planks":48,"minecraft:iron_axe":1,"minecraft:stone_pickaxe":2,"minecraft:chest":6,"stalwart_dungeons:iron_hammer":1,"tconstruct:greenheart_fence":3,"minecraft:lead":2,"sophisticatedbackpacks:iron_backpack":1,"minecraft:wheat":27,"sophisticatedbackpacks:backpack":2,"minecraft:crafting_table":4,"minecraft:wooden_pickaxe":1,"minecraft:iron_helmet":1,"minecraft:iron_sword":1,"minecraft:bucket":2,"minecraft:stone_axe":1,"minecraft:air":0,"minecraft:bread":14,"biomesoplenty:fir_planks":80,"minecraft:oak_boat":2,"minecraft:white_wool":3,"minecraft:iron_chestplate":1,"minecraft:shield":1,"minecraft:stick":88,"minecraft:iron_ingot":51,"minecraft:iron_pickaxe":2,"minecraft:wooden_axe":1,"minecraft:stone_sword":1,"minecraft:iron_shovel":1,"minecraft:iron_leggings":2,"minecraft:white_bed":1,"botania:apothecary_default":1,"minecraft:torch":48},"minecraft:dropped":{"minecraft:wheat_seeds":4,"biomesoplenty:lavender":5,"chococraft:gysahl_green_seeds":21,"minecraft:paper":17,"minecraft:string":6,"minecraft:bone":1,"minecraft:wheat":1,"botania:black_mushroom":1,"iceandfire:ghost_chest":1,"minecraft:chest":1,"minecraft:barrel":1,"minecraft:wooden_pickaxe":1,"biomesoplenty:tall_lavender":1,"chococraft:gysahl_green":51},"minecraft:used":{"biomesoplenty:mahogany_planks":7,"stalwart_dungeons:iron_hammer":34,"minecraft:stone_sword":43,"minecraft:iron_bars":4,"minecraft:iron_shovel":260,"minecraft:stone_shovel":1630,"create:veridium":1,"minecraft:chest":20,"minecraft:spruce_planks":2,"minecraft:iron_sword":67,"botania:orange_mushroom":1,"minecraft:rotten_flesh":1,"minecraft:iron_chestplate":1,"minecraft:torch":43,"tconstruct:greenheart_fence":1,"minecraft:dirt":665,"minecraft:wooden_axe":14,"minecraft:lantern":2,"minecraft:iron_axe":196,"stalwart_dungeons:diamond_hammer":78,"iceandfire:ghost_chest":1,"minecraft:iron_boots":1,"minecraft:stone_bricks":3,"minecraft:beef":5,"securitycraft:dirt_mine":2,"minecraft:furnace":3,"tombstone:gift":2,"minecraft:iron_leggings":1,"minecraft:water_bucket":1,"minecraft:mossy_stone_bricks":1,"minecraft:stone_pickaxe":378,"create:crimsite":1,"minecraft:wooden_pickaxe":31,"minecraft:rail":1,"minecraft:crafting_table":10,"minecraft:red_bed":2,"botania:apothecary_default":1,"waystones:waystone":1,"minecraft:bread":40,"minecraft:iron_pickaxe":250,"tombstone:grave_key":1,"minecraft:stone_axe":4,"minecraft:cobblestone":28,"minecraft:bucket":2,"chococraft:gysahl_green":56,"minecraft:oak_boat":7,"minecraft:cobweb":3},"minecraft:killed_by":{"minecraft:player":1,"irons_spellbooks:pyromancer":1,"minecraft:creeper":1,"irons_spellbooks:necromancer":1,"iceandfire:ice_dragon":1,"iceandfire:fire_dragon":2},"minecraft:killed":{"minecraft:cave_spider":1,"irons_spellbooks:pyromancer":1,"minecraft:spider":1,"born_in_chaos_v1:maggot":3,"minecraft:skeleton":1,"minecraft:horse":5,"minecraft:silverfish":1,"born_in_chaos_v1:baby_skeleton_2":1,"born_in_chaos_v1:corpse_fish":5,"minecraft:sheep":3,"minecraft:zombie":3,"iceandfire:ghost":3,"born_in_chaos_v1:corpse_fly":1,"chococraft:chocobo":1,"minecraft:cow":14},"minecraft:mined":{"minecraft:large_amethyst_bud":1,"minecraft:tuff":2,"minecraft:spruce_planks":7,"biomesoplenty:cherry_log":28,"botania:red_mystical_flower":4,"minecraft:allium":4,"minecraft:brewing_stand":1,"minecraft:spruce_trapdoor":10,"botania:black_mushroom":1,"biomesoplenty:bush":2,"minecraft:stone_brick_wall":2,"minecraft:grass_block":1120,"botania:orange_mushroom":2,"minecraft:hay_block":3,"farmersdelight:wild_onions":6,"minecraft:furnace":5,"minecraft:iron_ore":48,"minecraft:barrel":1,"minecraft:fire":5,"minecraft:andesite":7,"minecraft:bell":1,"minecraft:bookshelf":9,"chococraft:gysahl_green":34,"biomesoplenty:pink_cherry_leaves":18,"minecraft:dirt_path":2,"minecraft:vine":1,"minecraft:iron_bars":9,"biomesoplenty:barley":13,"irons_spellbooks:inscription_table":2,"minecraft:stone":512,"tconstruct:earth_congealed_slime":8,"create:veridium":7,"minecraft:spruce_slab":5,"botania:green_mystical_flower":6,"minecraft:scaffolding":1,"minecraft:red_bed":3,"minecraft:amethyst_cluster":1,"minecraft:stone_brick_slab":1,"minecraft:torch":1,"minecraft:crafting_table":11,"biomesoplenty:mahogany_planks":7,"tconstruct:greenheart_log":12,"iceandfire:ghost_chest":2,"minecraft:chest":14,"minecraft:lectern":1,"minecraft:tall_grass":2,"minecraft:cobblestone":4,"botania:blue_mystical_flower":4,"biomesoplenty:sprout":1,"botania:blue_double_flower":1,"botania:black_mystical_flower":3,"minecraft:sugar_cane":29,"minecraft:wall_torch":1,"minecraft:diorite":9,"minecraft:spruce_stairs":7,"botania:blue_mushroom":1,"botania:red_double_flower":1,"biomesoplenty:white_cherry_leaves":5,"biomesoplenty:mahogany_log":27,"minecraft:sweet_berry_bush":3,"minecraft:stone_brick_stairs":25,"biomesoplenty:fir_log":21,"tconstruct:earth_sky_slime_grass":1,"minecraft:grass":46,"biomesoplenty:clover":50,"minecraft:coal_ore":46,"minecraft:oak_log":50,"biomesoplenty:fir_leaves":2,"minecraft:dirt":760,"minecraft:cobweb":24,"minecraft:stone_bricks":4,"minecraft:polished_andesite":15,"minecraft:oak_leaves":10,"minecraft:mossy_stone_bricks":1,"create:crimsite":4,"minecraft:deepslate":7,"minecraft:fern":5,"minecraft:infested_stone":1}},"DataVersion":3120}