{"stats":{"minecraft:killed":{"minecraft:cave_spider":2,"born_in_chaos_v1:restless_spirit":4,"irons_spellbooks:pyromancer":1,"minecraft:spider":2,"minecraft:skeleton":5,"minecraft:chicken":4,"minecraft:silverfish":1,"born_in_chaos_v1:baby_skeleton_2":2,"minecraft:zombie_villager":1,"born_in_chaos_v1:wither_scuttler":1,"born_in_chaos_v1:shy_spirit":1,"minecraft:sheep":21,"minecraft:pillager":1,"minecraft:zombie":12,"born_in_chaos_v1:corpse_fly":4,"minecraft:cow":34,"chococraft:chocobo":3,"born_in_chaos_v1:zombie_clown_not_despawn":1,"born_in_chaos_v1:zombie_bruiser":3,"born_in_chaos_v1:maggot":9,"minecraft:horse":5,"born_in_chaos_v1:corpse_fish":5,"born_in_chaos_v1:baby_skeleton":2,"born_in_chaos_v1:swarmer":1,"born_in_chaos_v1:decrepit_skeleton":2,"iceandfire:ghost":3,"born_in_chaos_v1:dark_vortex":1},"minecraft:mined":{"minecraft:large_amethyst_bud":1,"born_in_chaos_v1:cultivated_pumpkin":3,"minecraft:spruce_planks":7,"biomesoplenty:cherry_log":28,"minecraft:white_bed":7,"botania:red_mystical_flower":9,"minecraft:brewing_stand":3,"minecraft:spruce_trapdoor":10,"minecraft:granite":3,"botania:black_mushroom":1,"minecraft:stone_brick_wall":2,"minecraft:grass_block":1128,"botania:black_double_flower":1,"minecraft:oxeye_daisy":3,"minecraft:potted_warped_fungus":1,"botania:purple_mystical_flower":5,"biomesoplenty:tall_lavender":6,"biomesoplenty:orange_cosmos":5,"minecraft:iron_ore":67,"minecraft:barrel":1,"minecraft:fire":25,"biomesoplenty:lavender":18,"biomesoplenty:hanging_cobweb":4,"chococraft:gysahl_green":79,"biomesoplenty:pink_cherry_leaves":18,"minecraft:dirt_path":3,"biomesoplenty:webbing":1,"minecraft:iron_bars":9,"botania:light_blue_mystical_flower":6,"create:veridium":7,"create:limestone":4,"minecraft:spruce_slab":5,"botania:green_mystical_flower":6,"biomesoplenty:jacaranda_leaves":2,"minecraft:red_bed":3,"biomesoplenty:wildflower":11,"minecraft:amethyst_cluster":1,"biomesoplenty:hanging_cobweb_strand":2,"minecraft:torch":2,"minecraft:poppy":3,"minecraft:melon":31,"tconstruct:greenheart_log":12,"iceandfire:ghost_chest":2,"minecraft:chest":45,"minecraft:cobblestone":46,"botania:blue_mystical_flower":10,"minecraft:sugar_cane":36,"botania:black_mystical_flower":9,"botania:blue_double_flower":1,"minecraft:wall_torch":1,"botania:blue_mushroom":1,"minecraft:skeleton_skull":1,"minecraft:seagrass":1,"minecraft:jukebox":2,"biomesoplenty:fir_log":21,"minecraft:stone_brick_stairs":25,"minecraft:grass":111,"tconstruct:earth_sky_slime_grass":1,"biomesoplenty:clover":53,"minecraft:oak_log":110,"botania:gray_double_flower":1,"minecraft:loom":1,"minecraft:dirt":791,"minecraft:stonecutter":3,"create:crimsite":6,"minecraft:oak_leaves":28,"minecraft:deepslate":24,"create:zinc_ore":29,"minecraft:tuff":6,"iceandfire:silver_ore":8,"farmersdelight:wild_carrots":7,"biomesoplenty:desert_grass":10,"biomesoplenty:bush":2,"minecraft:allium":4,"botania:orange_mushroom":2,"born_in_chaos_v1:gnawed_bones":1,"minecraft:large_fern":1,"minecraft:hay_block":9,"farmersdelight:wild_onions":6,"biomesoplenty:jacaranda_log":33,"minecraft:furnace":14,"minecraft:andesite":15,"evilcraft:dark_ore":1,"minecraft:big_dripleaf_stem":4,"minecraft:bell":1,"minecraft:bookshelf":9,"minecraft:vine":1,"biomesoplenty:barley":13,"irons_spellbooks:inscription_table":2,"biomesoplenty:spider_egg":1,"minecraft:stone":663,"botania:light_blue_double_flower":1,"tconstruct:earth_congealed_slime":8,"botania:lime_mystical_flower":4,"minecraft:scaffolding":1,"minecraft:stone_brick_slab":1,"minecraft:oak_fence":5,"minecraft:crafting_table":14,"biomesoplenty:mahogany_planks":7,"minecraft:rose_bush":58,"minecraft:lectern":1,"minecraft:copper_ore":100,"minecraft:tall_grass":6,"minecraft:deepslate_coal_ore":2,"biomesoplenty:sprout":1,"minecraft:diorite":13,"minecraft:big_dripleaf":1,"minecraft:spruce_stairs":8,"botania:pink_mystical_flower":7,"botania:red_double_flower":1,"biomesoplenty:white_cherry_leaves":5,"biomesoplenty:mahogany_log":27,"minecraft:sweet_berry_bush":3,"minecraft:coal_ore":230,"biomesoplenty:fir_leaves":2,"minecraft:gravel":27,"biomesoplenty:stringy_cobweb":1,"botania:gray_mystical_flower":8,"minecraft:cobweb":24,"minecraft:stone_bricks":4,"minecraft:polished_andesite":15,"minecraft:mossy_stone_bricks":1,"minecraft:fern":50,"minecraft:infested_stone":1},"minecraft:dropped":{"minecraft:bone":1,"simplemusket:musket":1,"minecraft:wheat":1,"minecraft:white_bed":1,"botania:black_mushroom":1,"iceandfire:ghost_chest":1,"minecraft:chest":1,"biomesoplenty:tall_lavender":7,"minecraft:wheat_seeds":5,"biomesoplenty:lavender":21,"minecraft:oak_fence":5,"chococraft:gysahl_green_seeds":21,"minecraft:granite":3,"biomesoplenty:goldenrod":1,"chococraft:chocobo_drumstick_raw":2,"minecraft:paper":17,"minecraft:string":6,"minecraft:light_gray_wool":1,"minecraft:barrel":1,"minecraft:wooden_pickaxe":1,"chococraft:gysahl_green":51},"minecraft:broken":{"minecraft:iron_shovel":1,"minecraft:stone_pickaxe":2,"minecraft:stone_shovel":12,"minecraft:iron_axe":1,"minecraft:iron_pickaxe":2,"minecraft:iron_helmet":1},"minecraft:killed_by":{"irons_spellbooks:pyromancer":1,"minecraft:creeper":1,"born_in_chaos_v1:zombie_bruiser":1,"born_in_chaos_v1:corpse_fly":1,"iceandfire:ice_dragon":1,"minecraft:zombie":1,"iceandfire:fire_dragon":2,"minecraft:player":1,"irons_spellbooks:necromancer":1},"minecraft:picked_up":{"minecraft:wooden_axe":1,"irons_spellbooks:scroll":4,"chococraft:loverly_gysahl_green":20,"minecraft:wheat":9,"botania:blue_mushroom":1,"minecraft:lead":5,"botania:black_double_flower":1,"minecraft:potion":2,"minecraft:stone_brick_stairs":83,"minecraft:brewing_stand":3,"botania:light_blue_double_flower":1,"iceandfire:manuscript":18,"minecraft:string":36,"create:limestone":4,"minecraft:raw_copper":330,"biomesoplenty:tall_lavender":7,"minecraft:experience_bottle":1,"irons_spellbooks:arcane_essence":7,"minecraft:cobbled_deepslate":24,"simplemusket:musket":1,"minecraft:gold_nugget":10,"minecraft:smooth_stone":4,"minecraft:bucket":1,"minecraft:spruce_planks":49,"minecraft:rose_bush":55,"minecraft:calcite":3,"minecraft:melon_slice":152,"irons_spellbooks:inscription_table":4,"minecraft:furnace":17,"minecraft:stick":45,"iceandfire:ghost_chest":5,"born_in_chaos_v1:shattered_skull":1,"minecraft:jukebox":2,"minecraft:big_dripleaf":12,"minecraft:oak_fence":5,"minecraft:torch":4,"botania:black_mushroom":2,"minecraft:spruce_stairs":21,"iceandfire:silver_ore":8,"iceandfire:rotten_egg":1,"tombstone:grave_dust":3,"minecraft:diorite":27,"irons_spellbooks:fire_rune":1,"minecraft:rotten_flesh":87,"farmersdelight:onion":77,"biomesoplenty:mahogany_sapling":1,"create:veridium":2,"chococraft:chocobo_drumstick_raw":2,"born_in_chaos_v1:cultivated_pumpkin":4,"evilcraft:condensed_blood":29,"botania:blue_double_flower":1,"minecraft:obsidian":1,"minecraft:iron_bars":19,"biomesoplenty:orange_cosmos":5,"minecraft:blaze_powder":2,"minecraft:cobblestone":933,"biomesoplenty:lavender":20,"farmersdelight:onion_crate":1,"minecraft:feather":6,"tconstruct:greenheart_log":36,"minecraft:andesite":17,"minecraft:brown_wool":3,"minecraft:potato":79,"biomesoplenty:fir_log":20,"minecraft:flint":7,"minecraft:tuff":6,"create:raw_zinc":29,"evilcraft:flesh_humanoid":3,"minecraft:dirt":1922,"minecraft:lantern":3,"minecraft:bone":10,"minecraft:stonecutter":3,"minecraft:bow":1,"minecraft:wheat_seeds":43,"botania:pink_mystical_flower":7,"botania:purple_mystical_flower":5,"minecraft:bell":3,"minecraft:mossy_stone_bricks":1,"biomesoplenty:mahogany_planks":19,"botania:gray_mystical_flower":8,"biomesoplenty:cherry_log":54,"minecraft:oak_planks":5,"minecraft:ghast_tear":2,"botania:red_mystical_flower":9,"botania:gray_double_flower":1,"patchouli:guide_book":1,"irons_spellbooks:legendary_ink":1,"securitycraft:dirt_mine":2,"biomesoplenty:white_cherry_sapling":4,"minecraft:loom":1,"minecraft:dark_oak_log":9,"minecraft:barrel":1,"minecraft:polished_andesite":15,"create:crimsite":6,"minecraft:sugar":3,"waystones:waystone":1,"evilcraft:broom":1,"botania:orange_mushroom":2,"minecraft:crossbow":1,"minecraft:granite":3,"minecraft:emerald":22,"minecraft:bread":104,"minecraft:oak_sapling":53,"born_in_chaos_v1:rotten_fish":8,"minecraft:crafting_table":17,"minecraft:allium":15,"minecraft:chicken":1,"minecraft:wooden_pickaxe":2,"minecraft:stone_brick_wall":2,"minecraft:chain":1,"minecraft:red_bed":3,"minecraft:wooden_sword":1,"born_in_chaos_v1:intoxicating_decoction":2,"minecraft:compass":4,"iceandfire:graveyard_soil":10,"minecraft:candle":2,"minecraft:beef":84,"minecraft:oak_boat":6,"born_in_chaos_v1:gnawed_bones":1,"irons_spellbooks:epic_ink":1,"minecraft:poppy":7,"minecraft:spruce_slab":6,"minecraft:light_gray_wool":1,"biomesoplenty:wildflower":11,"minecraft:lectern":3,"minecraft:sugar_cane":144,"minecraft:chest":48,"minecraft:spruce_trapdoor":30,"biomesoplenty:hanging_cobweb":3,"minecraft:egg":3,"minecraft:raw_iron":69,"minecraft:copper_ingot":1,"farmersdelight:tomato_seeds":76,"tconstruct:sky_slime_dirt":3,"minecraft:stone_button":3,"tconstruct:earth_slime_bucket":2,"born_in_chaos_v1:pieceofdarkmetal":1,"minecraft:carrot":16,"minecraft:redstone":8,"iceandfire:silver_ingot":9,"minecraft:arrow":9,"botania:lime_mystical_flower":4,"biomesoplenty:jacaranda_log":33,"minecraft:shears":1,"minecraft:hay_block":9,"botania:blue_mystical_flower":10,"minecraft:gold_ingot":2,"botania:green_mystical_flower":5,"minecraft:mutton":31,"minecraft:rail":2,"minecraft:skeleton_skull":4,"minecraft:white_wool":19,"minecraft:oxeye_daisy":3,"born_in_chaos_v1:corpse_maggot":19,"biomesoplenty:goldenrod":4,"minecraft:leather":38,"minecraft:oak_log":112,"minecraft:gunpowder":1,"minecraft:paper":26,"minecraft:white_banner":1,"botania:light_blue_mystical_flower":5,"botania:black_mystical_flower":9,"irons_spellbooks:common_ink":3,"chococraft:chocobo_feather":7,"chococraft:gysahl_green":289,"minecraft:apple":144,"minecraft:stone_bricks":4,"chococraft:gold_gysahl":8,"born_in_chaos_v1:smoked_flesh":1,"minecraft:iron_ingot":31,"minecraft:stone_pickaxe":1,"minecraft:cobweb":9,"minecraft:glass_bottle":284,"minecraft:book":32,"minecraft:scaffolding":1,"minecraft:warped_fungus":1,"minecraft:sweet_berries":18,"minecraft:dandelion":12,"born_in_chaos_v1:ethereal_spirit":6,"minecraft:gravel":20,"minecraft:amethyst_shard":4,"chococraft:gysahl_green_seeds":92,"minecraft:white_bed":8,"minecraft:spider_eye":2,"botania:red_double_flower":1,"biomesoplenty:mahogany_log":27,"minecraft:slime_ball":96,"evilcraft:dark_gem":5,"minecraft:gray_wool":1,"minecraft:black_wool":3,"minecraft:coal":266},"minecraft:custom":{"minecraft:interact_with_crafting_table":70,"minecraft:open_barrel":28,"minecraft:leave_game":8,"minecraft:time_since_death":8456,"minecraft:sprint_one_cm":885614,"minecraft:damage_blocked_by_shield":215,"minecraft:drop":35,"minecraft:talked_to_villager":1,"minecraft:play_time":396402,"minecraft:deaths":15,"minecraft:jump":6667,"minecraft:walk_on_water_one_cm":79949,"minecraft:interact_with_furnace":100,"minecraft:interact_with_cartography_table":1,"minecraft:interact_with_loom":3,"minecraft:sleep_in_bed":16,"minecraft:waystone_activated":4,"minecraft:damage_dealt":21365,"minecraft:crouch_one_cm":3470,"tombstone:undead_killed":32,"minecraft:mob_kills":133,"minecraft:climb_one_cm":738,"minecraft:walk_one_cm":1026077,"minecraft:sneak_time":1703,"minecraft:walk_under_water_one_cm":19903,"minecraft:boat_one_cm":3071,"minecraft:interact_with_lectern":1,"minecraft:total_world_time":396402,"tombstone:raider_killed":1,"minecraft:time_since_rest":8338,"minecraft:damage_taken":7596,"minecraft:trigger_trapped_chest":3,"minecraft:swim_one_cm":76571,"minecraft:fly_one_cm":1367898,"minecraft:open_chest":475,"minecraft:fall_one_cm":177650},"minecraft:crafted":{"minecraft:oak_planks":420,"minecraft:smooth_stone":12,"minecraft:stone":16,"minecraft:cooked_mutton":13,"minecraft:iron_boots":1,"tconstruct:greenheart_planks":48,"minecraft:melon_seeds":64,"minecraft:chest":21,"stalwart_dungeons:iron_hammer":1,"tconstruct:greenheart_fence":3,"sophisticatedbackpacks:backpack":2,"minecraft:crafting_table":5,"minecraft:wooden_pickaxe":1,"minecraft:iron_helmet":2,"minecraft:copper_ingot":319,"biomesoplenty:fir_planks":80,"minecraft:iron_chestplate":1,"minecraft:paper":3,"minecraft:shield":1,"minecraft:stick":100,"minecraft:iron_ingot":55,"minecraft:iron_pickaxe":3,"minecraft:stone_sword":1,"botania:apothecary_default":1,"minecraft:wooden_sword":1,"minecraft:stone_shovel":15,"biomesoplenty:mahogany_planks":108,"stalwart_dungeons:diamond_hammer":1,"minecraft:flint_and_steel":1,"minecraft:iron_axe":2,"minecraft:stone_pickaxe":2,"minecraft:lead":4,"minecraft:wheat":27,"sophisticatedbackpacks:iron_backpack":1,"minecraft:cooked_beef":56,"simplemusket:musket":1,"simplemusket:iron_bullet":4,"minecraft:iron_sword":1,"minecraft:bucket":2,"minecraft:stone_axe":1,"minecraft:bread":14,"minecraft:air":0,"minecraft:oak_boat":2,"minecraft:white_wool":3,"minecraft:wooden_axe":1,"chococraft:chocobo_saddle":1,"minecraft:iron_shovel":2,"minecraft:iron_leggings":2,"minecraft:white_bed":2,"minecraft:torch":96},"minecraft:used":{"stalwart_dungeons:iron_hammer":34,"minecraft:iron_shovel":272,"minecraft:chest":31,"minecraft:shield":8,"minecraft:iron_sword":67,"minecraft:rotten_flesh":1,"botania:orange_mushroom":1,"minecraft:iron_chestplate":1,"tconstruct:greenheart_fence":1,"minecraft:mutton":8,"minecraft:lantern":2,"minecraft:iron_helmet":1,"iceandfire:ghost_chest":1,"minecraft:stone_bricks":3,"minecraft:furnace":12,"minecraft:mossy_stone_bricks":1,"minecraft:diorite":4,"minecraft:stone_pickaxe":378,"create:crimsite":1,"minecraft:wooden_pickaxe":31,"biomesoplenty:goldenrod":3,"minecraft:loom":1,"waystones:waystone":1,"minecraft:bread":41,"tombstone:grave_key":2,"minecraft:gravel":9,"chococraft:gysahl_green":79,"minecraft:oak_boat":7,"minecraft:cobweb":3,"biomesoplenty:mahogany_planks":7,"minecraft:iron_bars":4,"minecraft:stone_sword":43,"minecraft:stone_shovel":1679,"create:veridium":1,"minecraft:spruce_planks":2,"minecraft:torch":90,"minecraft:brewing_stand":1,"minecraft:dirt":751,"minecraft:wooden_axe":14,"minecraft:iron_axe":338,"stalwart_dungeons:diamond_hammer":427,"minecraft:iron_boots":1,"minecraft:beef":5,"securitycraft:dirt_mine":2,"tombstone:gift":4,"minecraft:cooked_beef":15,"minecraft:iron_leggings":1,"minecraft:water_bucket":1,"minecraft:stonecutter":1,"minecraft:rail":1,"minecraft:crafting_table":13,"minecraft:red_bed":2,"minecraft:white_bed":7,"botania:apothecary_default":1,"chococraft:gysahl_green_seeds":1,"minecraft:iron_pickaxe":699,"minecraft:stone_axe":4,"minecraft:cobblestone":56,"minecraft:bucket":2,"minecraft:jukebox":1}},"DataVersion":3120}