{"stats":{"minecraft:picked_up":{"minecraft:wooden_axe":1,"irons_spellbooks:scroll":2,"minecraft:crafting_table":10,"chococraft:loverly_gysahl_green":2,"botania:blue_mushroom":1,"minecraft:wooden_pickaxe":2,"minecraft:brewing_stand":1,"minecraft:string":23,"minecraft:wooden_sword":1,"irons_spellbooks:arcane_essence":3,"minecraft:cobbled_deepslate":7,"minecraft:candle":2,"minecraft:smooth_stone":4,"minecraft:bucket":1,"minecraft:beef":8,"irons_spellbooks:epic_ink":1,"minecraft:calcite":3,"minecraft:lectern":1,"minecraft:sugar_cane":34,"minecraft:chest":2,"irons_spellbooks:inscription_table":2,"minecraft:furnace":2,"minecraft:stick":13,"minecraft:raw_iron":45,"minecraft:torch":3,"botania:black_mushroom":2,"minecraft:diorite":15,"irons_spellbooks:fire_rune":1,"minecraft:rotten_flesh":1,"create:veridium":2,"minecraft:obsidian":1,"minecraft:rail":2,"minecraft:blaze_powder":2,"minecraft:cobblestone":300,"born_in_chaos_v1:corpse_maggot":2,"minecraft:andesite":8,"minecraft:leather":10,"biomesoplenty:fir_log":20,"minecraft:tuff":1,"minecraft:oak_log":6,"minecraft:dirt":9,"minecraft:paper":6,"irons_spellbooks:common_ink":1,"chococraft:gysahl_green":46,"chococraft:gold_gysahl":1,"minecraft:wheat_seeds":6,"minecraft:stone_pickaxe":1,"minecraft:oak_planks":1,"minecraft:book":27,"minecraft:sweet_berries":6,"irons_spellbooks:legendary_ink":1,"patchouli:guide_book":1,"minecraft:amethyst_shard":4,"chococraft:gysahl_green_seeds":27,"minecraft:spider_eye":1,"minecraft:barrel":1,"create:crimsite":4,"botania:orange_mushroom":2,"minecraft:coal":45},"minecraft:broken":{"minecraft:stone_pickaxe":2},"minecraft:custom":{"minecraft:mob_kills":17,"minecraft:interact_with_crafting_table":32,"minecraft:open_barrel":28,"minecraft:time_since_death":2445,"minecraft:climb_one_cm":450,"minecraft:sprint_one_cm":128806,"minecraft:walk_one_cm":243212,"minecraft:drop":12,"minecraft:play_time":73405,"minecraft:deaths":5,"minecraft:sneak_time":436,"minecraft:walk_under_water_one_cm":2512,"minecraft:boat_one_cm":1222,"minecraft:interact_with_lectern":1,"minecraft:jump":745,"minecraft:walk_on_water_one_cm":19981,"minecraft:total_world_time":73405,"minecraft:interact_with_furnace":27,"minecraft:time_since_rest":2135,"minecraft:waystone_activated":1,"minecraft:damage_taken":1549,"minecraft:damage_dealt":2974,"minecraft:fly_one_cm":113701,"minecraft:swim_one_cm":3771,"minecraft:open_chest":30,"minecraft:crouch_one_cm":1475,"tombstone:undead_killed":1,"minecraft:fall_one_cm":17121},"minecraft:mined":{"minecraft:large_amethyst_bud":1,"minecraft:tuff":2,"minecraft:brewing_stand":1,"botania:black_mushroom":1,"biomesoplenty:bush":2,"minecraft:grass_block":3,"botania:orange_mushroom":2,"minecraft:furnace":2,"minecraft:iron_ore":43,"minecraft:barrel":1,"minecraft:andesite":7,"chococraft:gysahl_green":13,"minecraft:bookshelf":9,"biomesoplenty:barley":13,"irons_spellbooks:inscription_table":2,"minecraft:stone":291,"create:veridium":7,"minecraft:amethyst_cluster":1,"minecraft:torch":1,"minecraft:crafting_table":8,"minecraft:chest":2,"minecraft:lectern":1,"minecraft:cobblestone":4,"minecraft:sugar_cane":10,"minecraft:diorite":9,"minecraft:wall_torch":1,"botania:blue_mushroom":1,"minecraft:sweet_berry_bush":3,"biomesoplenty:fir_log":21,"minecraft:grass":9,"minecraft:coal_ore":32,"minecraft:oak_log":6,"biomesoplenty:fir_leaves":2,"minecraft:dirt":1,"minecraft:cobweb":21,"create:crimsite":4,"minecraft:fern":1,"minecraft:deepslate":7,"minecraft:infested_stone":1},"minecraft:killed":{"minecraft:cave_spider":1,"irons_spellbooks:pyromancer":1,"born_in_chaos_v1:maggot":3,"minecraft:horse":5,"minecraft:silverfish":1,"minecraft:zombie":1,"born_in_chaos_v1:corpse_fly":1,"minecraft:cow":4},"minecraft:killed_by":{"minecraft:player":1,"irons_spellbooks:pyromancer":1,"minecraft:creeper":1,"iceandfire:ice_dragon":1},"minecraft:dropped":{"minecraft:wheat_seeds":4,"chococraft:gysahl_green_seeds":21,"minecraft:paper":4,"botania:black_mushroom":1,"minecraft:wooden_pickaxe":1,"chococraft:gysahl_green":16},"minecraft:used":{"stalwart_dungeons:iron_hammer":31,"minecraft:stone_sword":43,"create:veridium":1,"minecraft:chest":3,"minecraft:iron_sword":2,"botania:orange_mushroom":1,"minecraft:rotten_flesh":1,"minecraft:torch":43,"minecraft:dirt":2,"minecraft:wooden_axe":14,"minecraft:iron_axe":25,"minecraft:iron_boots":1,"minecraft:beef":5,"minecraft:iron_leggings":1,"minecraft:stone_pickaxe":378,"create:crimsite":1,"minecraft:wooden_pickaxe":31,"minecraft:rail":1,"minecraft:crafting_table":6,"botania:apothecary_default":1,"minecraft:iron_pickaxe":4,"tombstone:grave_key":1,"minecraft:stone_axe":4,"minecraft:cobblestone":11,"minecraft:oak_boat":1},"minecraft:crafted":{"minecraft:wooden_sword":1,"minecraft:oak_planks":24,"minecraft:smooth_stone":4,"minecraft:stone_shovel":1,"minecraft:stone":8,"minecraft:iron_boots":1,"minecraft:iron_axe":1,"minecraft:stone_pickaxe":2,"minecraft:chest":3,"stalwart_dungeons:iron_hammer":1,"sophisticatedbackpacks:backpack":1,"minecraft:crafting_table":3,"minecraft:wooden_pickaxe":1,"minecraft:iron_helmet":1,"minecraft:iron_sword":1,"minecraft:bucket":1,"minecraft:stone_axe":1,"minecraft:bread":5,"minecraft:air":0,"biomesoplenty:fir_planks":80,"minecraft:oak_boat":1,"minecraft:white_wool":3,"minecraft:shield":1,"minecraft:stick":44,"minecraft:iron_ingot":46,"minecraft:iron_pickaxe":1,"minecraft:wooden_axe":1,"minecraft:stone_sword":1,"minecraft:iron_shovel":1,"minecraft:iron_leggings":2,"minecraft:white_bed":1,"botania:apothecary_default":1,"minecraft:torch":48}},"DataVersion":3120}