{"stats":{"minecraft:picked_up":{"minecraft:wooden_axe":1,"born_in_chaos_v1:corpse_maggot":1,"minecraft:crafting_table":5,"botania:blue_mushroom":1,"minecraft:wooden_pickaxe":1,"biomesoplenty:fir_log":20,"minecraft:tuff":1,"minecraft:dirt":5,"minecraft:string":23,"minecraft:wooden_sword":1,"minecraft:wheat_seeds":2,"minecraft:cobbled_deepslate":7,"minecraft:stone_pickaxe":1,"minecraft:sugar_cane":4,"minecraft:chest":1,"minecraft:oak_planks":1,"minecraft:stick":2,"minecraft:raw_iron":31,"minecraft:torch":3,"botania:black_mushroom":1,"minecraft:diorite":5,"minecraft:spider_eye":1,"minecraft:rotten_flesh":1,"create:veridium":1,"minecraft:coal":32,"minecraft:cobblestone":195},"minecraft:custom":{"minecraft:interact_with_furnace":4,"minecraft:mob_kills":5,"minecraft:interact_with_crafting_table":4,"minecraft:time_since_death":21354,"minecraft:time_since_rest":20753,"minecraft:sprint_one_cm":43079,"minecraft:damage_taken":530,"minecraft:walk_one_cm":93546,"minecraft:damage_dealt":710,"minecraft:fly_one_cm":21720,"minecraft:open_chest":3,"minecraft:play_time":25405,"tombstone:undead_killed":1,"minecraft:deaths":1,"minecraft:walk_under_water_one_cm":1763,"minecraft:jump":243,"minecraft:walk_on_water_one_cm":3062,"minecraft:total_world_time":25405,"minecraft:fall_one_cm":5190},"minecraft:broken":{"minecraft:stone_pickaxe":1},"minecraft:mined":{"minecraft:tuff":1,"minecraft:crafting_table":3,"minecraft:torch":1,"botania:black_mushroom":1,"biomesoplenty:bush":2,"minecraft:grass_block":2,"minecraft:chest":1,"minecraft:cobblestone":3,"minecraft:sugar_cane":1,"minecraft:diorite":2,"minecraft:wall_torch":1,"botania:blue_mushroom":1,"minecraft:iron_ore":31,"biomesoplenty:fir_log":21,"minecraft:grass":5,"minecraft:coal_ore":32,"biomesoplenty:fir_leaves":2,"minecraft:dirt":1,"minecraft:cobweb":21,"biomesoplenty:barley":13,"minecraft:stone":193,"create:veridium":6,"minecraft:deepslate":7,"minecraft:fern":1},"minecraft:killed":{"minecraft:cave_spider":1,"born_in_chaos_v1:maggot":3,"minecraft:zombie":1},"minecraft:killed_by":{"minecraft:player":1},"minecraft:used":{"minecraft:stone_sword":39,"minecraft:stone_pickaxe":245,"create:veridium":1,"minecraft:chest":2,"minecraft:wooden_pickaxe":31,"minecraft:torch":38,"minecraft:dirt":1,"minecraft:crafting_table":1,"minecraft:wooden_axe":14,"minecraft:stone_axe":3,"minecraft:cobblestone":5},"minecraft:crafted":{"minecraft:wooden_sword":1,"minecraft:stone_shovel":1,"minecraft:crafting_table":2,"minecraft:wooden_pickaxe":1,"minecraft:stone_axe":1,"biomesoplenty:fir_planks":80,"minecraft:stick":20,"minecraft:stone_pickaxe":1,"minecraft:wooden_axe":1,"minecraft:stone_sword":1,"minecraft:chest":1,"minecraft:torch":40}},"DataVersion":3120}