{"stats":{"minecraft:picked_up":{"minecraft:wooden_axe":1,"irons_spellbooks:scroll":2,"minecraft:crafting_table":10,"chococraft:loverly_gysahl_green":3,"botania:blue_mushroom":1,"minecraft:wooden_pickaxe":2,"minecraft:brewing_stand":1,"iceandfire:manuscript":6,"minecraft:string":26,"minecraft:wooden_sword":1,"biomesoplenty:tall_lavender":1,"iceandfire:graveyard_soil":5,"irons_spellbooks:arcane_essence":3,"minecraft:cobbled_deepslate":7,"minecraft:candle":2,"minecraft:smooth_stone":4,"minecraft:bucket":1,"minecraft:beef":15,"irons_spellbooks:epic_ink":1,"minecraft:calcite":3,"minecraft:lectern":1,"minecraft:sugar_cane":40,"minecraft:chest":2,"irons_spellbooks:inscription_table":2,"minecraft:furnace":2,"minecraft:stick":13,"minecraft:raw_iron":45,"iceandfire:ghost_chest":1,"minecraft:copper_ingot":1,"minecraft:torch":3,"botania:black_mushroom":2,"minecraft:diorite":15,"irons_spellbooks:fire_rune":1,"iceandfire:silver_ingot":3,"minecraft:arrow":2,"minecraft:rotten_flesh":16,"create:veridium":2,"minecraft:obsidian":1,"minecraft:skeleton_skull":1,"minecraft:rail":2,"minecraft:blaze_powder":2,"minecraft:cobblestone":300,"biomesoplenty:lavender":4,"born_in_chaos_v1:corpse_maggot":2,"minecraft:andesite":8,"minecraft:leather":13,"biomesoplenty:fir_log":20,"minecraft:tuff":1,"minecraft:oak_log":6,"minecraft:dirt":9,"minecraft:paper":8,"irons_spellbooks:common_ink":1,"minecraft:bone":1,"chococraft:gysahl_green":55,"chococraft:gold_gysahl":1,"minecraft:wheat_seeds":6,"minecraft:bell":1,"minecraft:stone_pickaxe":1,"minecraft:cobweb":3,"minecraft:oak_planks":1,"minecraft:book":27,"minecraft:sweet_berries":6,"irons_spellbooks:legendary_ink":1,"patchouli:guide_book":1,"minecraft:amethyst_shard":4,"chococraft:gysahl_green_seeds":30,"minecraft:spider_eye":1,"minecraft:barrel":1,"create:crimsite":4,"botania:orange_mushroom":2,"minecraft:coal":45},"minecraft:broken":{"minecraft:stone_pickaxe":2},"minecraft:custom":{"minecraft:mob_kills":26,"minecraft:interact_with_crafting_table":35,"minecraft:open_barrel":28,"minecraft:time_since_death":4285,"minecraft:climb_one_cm":450,"minecraft:sprint_one_cm":219488,"minecraft:walk_one_cm":272330,"minecraft:drop":18,"minecraft:play_time":97405,"minecraft:deaths":8,"minecraft:sneak_time":436,"minecraft:walk_under_water_one_cm":13537,"minecraft:boat_one_cm":1222,"minecraft:interact_with_lectern":1,"minecraft:jump":1511,"minecraft:walk_on_water_one_cm":38602,"minecraft:total_world_time":97405,"minecraft:interact_with_furnace":27,"minecraft:time_since_rest":3913,"minecraft:waystone_activated":1,"minecraft:damage_taken":2785,"minecraft:trigger_trapped_chest":2,"minecraft:damage_dealt":4532,"minecraft:fly_one_cm":299889,"minecraft:swim_one_cm":54854,"minecraft:open_chest":32,"minecraft:crouch_one_cm":1475,"tombstone:undead_killed":4,"minecraft:fall_one_cm":40142},"minecraft:mined":{"minecraft:large_amethyst_bud":1,"minecraft:tuff":2,"minecraft:brewing_stand":1,"botania:black_mushroom":1,"biomesoplenty:bush":2,"minecraft:grass_block":3,"botania:orange_mushroom":2,"minecraft:furnace":2,"minecraft:iron_ore":43,"minecraft:barrel":1,"minecraft:andesite":7,"minecraft:bell":1,"chococraft:gysahl_green":16,"minecraft:bookshelf":9,"minecraft:vine":1,"biomesoplenty:barley":13,"irons_spellbooks:inscription_table":2,"minecraft:stone":291,"create:veridium":7,"minecraft:amethyst_cluster":1,"minecraft:torch":1,"minecraft:crafting_table":8,"iceandfire:ghost_chest":1,"minecraft:chest":2,"minecraft:lectern":1,"minecraft:tall_grass":2,"minecraft:cobblestone":4,"minecraft:sugar_cane":12,"minecraft:diorite":9,"minecraft:wall_torch":1,"botania:blue_mushroom":1,"minecraft:sweet_berry_bush":3,"biomesoplenty:fir_log":21,"minecraft:grass":10,"minecraft:coal_ore":32,"minecraft:oak_log":6,"biomesoplenty:fir_leaves":2,"minecraft:dirt":1,"minecraft:cobweb":21,"create:crimsite":4,"minecraft:fern":1,"minecraft:deepslate":7,"minecraft:infested_stone":1},"minecraft:killed":{"minecraft:cave_spider":1,"irons_spellbooks:pyromancer":1,"born_in_chaos_v1:maggot":3,"minecraft:skeleton":1,"minecraft:horse":5,"minecraft:silverfish":1,"born_in_chaos_v1:corpse_fish":2,"minecraft:zombie":1,"iceandfire:ghost":2,"born_in_chaos_v1:corpse_fly":1,"minecraft:cow":8},"minecraft:killed_by":{"minecraft:player":1,"irons_spellbooks:pyromancer":1,"minecraft:creeper":1,"irons_spellbooks:necromancer":1,"iceandfire:ice_dragon":1,"iceandfire:fire_dragon":2},"minecraft:dropped":{"minecraft:wheat_seeds":4,"biomesoplenty:lavender":5,"chococraft:gysahl_green_seeds":21,"minecraft:paper":8,"minecraft:bone":1,"botania:black_mushroom":1,"minecraft:barrel":1,"minecraft:wooden_pickaxe":1,"biomesoplenty:tall_lavender":1,"chococraft:gysahl_green":16},"minecraft:used":{"stalwart_dungeons:iron_hammer":34,"minecraft:stone_sword":43,"create:veridium":1,"minecraft:chest":3,"minecraft:iron_sword":30,"botania:orange_mushroom":1,"minecraft:rotten_flesh":1,"minecraft:torch":43,"minecraft:dirt":2,"minecraft:wooden_axe":14,"minecraft:iron_axe":26,"minecraft:iron_boots":1,"minecraft:beef":5,"minecraft:iron_leggings":1,"minecraft:stone_pickaxe":378,"create:crimsite":1,"minecraft:wooden_pickaxe":31,"minecraft:rail":1,"minecraft:crafting_table":6,"botania:apothecary_default":1,"minecraft:bread":5,"minecraft:iron_pickaxe":5,"tombstone:grave_key":1,"minecraft:stone_axe":4,"minecraft:cobblestone":22,"chococraft:gysahl_green":16,"minecraft:oak_boat":1},"minecraft:crafted":{"minecraft:wooden_sword":1,"minecraft:oak_planks":24,"minecraft:smooth_stone":4,"minecraft:stone_shovel":1,"minecraft:stone":8,"minecraft:iron_boots":1,"minecraft:iron_axe":1,"minecraft:stone_pickaxe":2,"minecraft:chest":3,"stalwart_dungeons:iron_hammer":1,"sophisticatedbackpacks:backpack":2,"minecraft:crafting_table":3,"minecraft:wooden_pickaxe":1,"minecraft:iron_helmet":1,"minecraft:iron_sword":1,"minecraft:bucket":1,"minecraft:stone_axe":1,"minecraft:bread":5,"minecraft:air":0,"biomesoplenty:fir_planks":80,"minecraft:oak_boat":1,"minecraft:white_wool":3,"minecraft:shield":1,"minecraft:stick":44,"minecraft:iron_ingot":46,"minecraft:iron_pickaxe":1,"minecraft:wooden_axe":1,"minecraft:stone_sword":1,"minecraft:iron_shovel":1,"minecraft:iron_leggings":2,"minecraft:white_bed":1,"botania:apothecary_default":1,"minecraft:torch":48}},"DataVersion":3120}