{"stats":{"minecraft:picked_up":{"chococraft:loverly_gysahl_green":1,"minecraft:crafting_table":2,"minecraft:oak_log":11,"chococraft:gysahl_green_seeds":7,"minecraft:yellow_bed":1,"chococraft:gysahl_green":22,"minecraft:rotten_flesh":2,"minecraft:wheat_seeds":1,"minecraft:oak_boat":1,"tombstone:magic_scroll":1},"minecraft:mined":{"minecraft:yellow_bed":1,"minecraft:crafting_table":2,"minecraft:grass":2,"chococraft:gysahl_green":7,"minecraft:vine":1,"minecraft:oak_log":11,"minecraft:oak_leaves":6,"minecraft:fern":1},"minecraft:killed":{"minecraft:zombie":1,"iceandfire:ghost":1,"minecraft:drowned":1},"minecraft:dropped":{"minecraft:oak_boat":1},"minecraft:crafted":{"minecraft:wooden_sword":1,"minecraft:oak_planks":44,"minecraft:stick":8,"minecraft:wooden_pickaxe":1,"minecraft:wooden_axe":1,"iceandfire:silver_sword":1},"minecraft:custom":{"minecraft:time_since_rest":210,"minecraft:sprint_one_cm":54621,"minecraft:damage_taken":925,"minecraft:walk_one_cm":26857,"minecraft:trigger_trapped_chest":2,"minecraft:mob_kills":4,"minecraft:drop":1,"minecraft:damage_dealt":897,"minecraft:talked_to_villager":1,"minecraft:interact_with_crafting_table":3,"minecraft:swim_one_cm":49910,"minecraft:fly_one_cm":88065,"minecraft:open_barrel":1,"minecraft:open_chest":3,"minecraft:play_time":17578,"tombstone:undead_killed":3,"minecraft:deaths":3,"minecraft:sneak_time":14,"minecraft:walk_under_water_one_cm":6453,"minecraft:boat_one_cm":27398,"minecraft:jump":340,"minecraft:walk_on_water_one_cm":16281,"minecraft:time_since_death":2744,"minecraft:sleep_in_bed":3,"minecraft:total_world_time":17578,"minecraft:fall_one_cm":4476},"minecraft:killed_by":{"iceandfire:ghost":2,"iceandfire:cyclops":1},"minecraft:used":{"minecraft:wooden_axe":2,"iceandfire:silver_sword":3,"minecraft:oak_planks":1,"minecraft:wooden_sword":14,"minecraft:crafting_table":1,"chococraft:gysahl_green":15}},"DataVersion":3120}