{"stats":{"minecraft:picked_up":{"minecraft:wooden_axe":1,"irons_spellbooks:scroll":3,"chococraft:loverly_gysahl_green":20,"minecraft:wheat":1,"botania:blue_mushroom":1,"botania:black_double_flower":1,"minecraft:stone_brick_stairs":83,"minecraft:brewing_stand":1,"botania:light_blue_double_flower":1,"create:limestone":4,"iceandfire:manuscript":18,"minecraft:string":32,"minecraft:raw_copper":150,"biomesoplenty:tall_lavender":1,"irons_spellbooks:arcane_essence":3,"minecraft:cobbled_deepslate":24,"minecraft:smooth_stone":4,"minecraft:bucket":1,"minecraft:spruce_planks":49,"minecraft:rose_bush":55,"minecraft:calcite":3,"minecraft:melon_slice":152,"irons_spellbooks:inscription_table":4,"minecraft:furnace":8,"minecraft:stick":45,"iceandfire:ghost_chest":5,"minecraft:big_dripleaf":12,"minecraft:torch":3,"iceandfire:silver_ore":4,"botania:black_mushroom":2,"minecraft:spruce_stairs":21,"iceandfire:rotten_egg":1,"tombstone:grave_dust":2,"minecraft:diorite":22,"irons_spellbooks:fire_rune":1,"minecraft:rotten_flesh":58,"farmersdelight:onion":11,"biomesoplenty:mahogany_sapling":1,"create:veridium":2,"chococraft:chocobo_drumstick_raw":2,"botania:blue_double_flower":1,"minecraft:obsidian":1,"minecraft:iron_bars":19,"biomesoplenty:orange_cosmos":5,"minecraft:blaze_powder":2,"minecraft:cobblestone":874,"biomesoplenty:lavender":4,"minecraft:feather":4,"tconstruct:greenheart_log":36,"minecraft:andesite":16,"minecraft:potato":24,"biomesoplenty:fir_log":20,"minecraft:flint":7,"minecraft:tuff":5,"create:raw_zinc":21,"evilcraft:flesh_humanoid":3,"minecraft:dirt":1905,"minecraft:lantern":3,"minecraft:bone":6,"botania:pink_mystical_flower":7,"minecraft:wheat_seeds":42,"botania:purple_mystical_flower":5,"minecraft:bell":3,"minecraft:mossy_stone_bricks":1,"biomesoplenty:mahogany_planks":19,"botania:gray_mystical_flower":8,"biomesoplenty:cherry_log":54,"minecraft:oak_planks":5,"minecraft:ghast_tear":2,"botania:red_mystical_flower":9,"botania:gray_double_flower":1,"irons_spellbooks:legendary_ink":1,"securitycraft:dirt_mine":2,"patchouli:guide_book":1,"biomesoplenty:white_cherry_sapling":4,"minecraft:barrel":1,"minecraft:polished_andesite":15,"create:crimsite":6,"waystones:waystone":1,"botania:orange_mushroom":2,"minecraft:granite":3,"minecraft:bread":27,"minecraft:oak_sapling":29,"born_in_chaos_v1:rotten_fish":8,"minecraft:crafting_table":16,"minecraft:allium":15,"minecraft:chicken":1,"minecraft:wooden_pickaxe":2,"minecraft:stone_brick_wall":2,"minecraft:red_bed":3,"minecraft:wooden_sword":1,"minecraft:compass":4,"iceandfire:graveyard_soil":10,"minecraft:candle":2,"minecraft:beef":76,"minecraft:oak_boat":6,"irons_spellbooks:epic_ink":1,"minecraft:poppy":3,"minecraft:spruce_slab":6,"minecraft:light_gray_wool":1,"minecraft:lectern":3,"biomesoplenty:wildflower":11,"minecraft:sugar_cane":128,"minecraft:chest":18,"minecraft:spruce_trapdoor":30,"biomesoplenty:hanging_cobweb":3,"minecraft:egg":3,"minecraft:raw_iron":65,"minecraft:copper_ingot":1,"farmersdelight:tomato_seeds":12,"tconstruct:sky_slime_dirt":3,"minecraft:stone_button":3,"tconstruct:earth_slime_bucket":2,"iceandfire:silver_ingot":9,"minecraft:arrow":8,"botania:lime_mystical_flower":4,"minecraft:hay_block":3,"botania:blue_mystical_flower":10,"botania:green_mystical_flower":5,"minecraft:mutton":21,"minecraft:white_wool":14,"minecraft:skeleton_skull":3,"minecraft:rail":2,"minecraft:oxeye_daisy":3,"born_in_chaos_v1:corpse_maggot":13,"minecraft:leather":31,"minecraft:oak_log":105,"minecraft:paper":26,"botania:light_blue_mystical_flower":5,"botania:black_mystical_flower":9,"irons_spellbooks:common_ink":1,"chococraft:chocobo_feather":3,"chococraft:gysahl_green":281,"minecraft:apple":29,"minecraft:stone_bricks":4,"chococraft:gold_gysahl":8,"minecraft:iron_ingot":20,"minecraft:stone_pickaxe":1,"minecraft:cobweb":9,"minecraft:glass_bottle":284,"minecraft:book":27,"minecraft:scaffolding":1,"minecraft:sweet_berries":18,"minecraft:dandelion":6,"born_in_chaos_v1:ethereal_spirit":1,"minecraft:gravel":20,"minecraft:amethyst_shard":4,"chococraft:gysahl_green_seeds":88,"minecraft:white_bed":8,"minecraft:spider_eye":1,"botania:red_double_flower":1,"biomesoplenty:mahogany_log":27,"minecraft:slime_ball":96,"evilcraft:dark_gem":5,"minecraft:coal":205},"minecraft:broken":{"minecraft:iron_shovel":1,"minecraft:stone_pickaxe":2,"minecraft:stone_shovel":12,"minecraft:iron_axe":1,"minecraft:iron_pickaxe":2},"minecraft:custom":{"minecraft:interact_with_crafting_table":64,"minecraft:open_barrel":28,"minecraft:leave_game":4,"minecraft:time_since_death":0,"minecraft:sprint_one_cm":732185,"minecraft:damage_blocked_by_shield":145,"minecraft:drop":29,"minecraft:play_time":315031,"minecraft:deaths":12,"minecraft:jump":5512,"minecraft:walk_on_water_one_cm":72096,"minecraft:interact_with_furnace":44,"minecraft:interact_with_cartography_table":1,"minecraft:sleep_in_bed":16,"minecraft:waystone_activated":3,"minecraft:damage_dealt":13722,"minecraft:crouch_one_cm":2975,"tombstone:undead_killed":19,"minecraft:mob_kills":94,"minecraft:climb_one_cm":738,"minecraft:walk_one_cm":851441,"minecraft:sneak_time":1281,"minecraft:walk_under_water_one_cm":19903,"minecraft:boat_one_cm":3071,"minecraft:interact_with_lectern":1,"minecraft:total_world_time":315031,"minecraft:time_since_rest":0,"minecraft:damage_taken":5620,"minecraft:trigger_trapped_chest":3,"minecraft:swim_one_cm":76571,"minecraft:fly_one_cm":1141140,"minecraft:open_chest":224,"minecraft:fall_one_cm":140876},"minecraft:crafted":{"minecraft:oak_planks":420,"minecraft:smooth_stone":12,"minecraft:stone":16,"minecraft:iron_boots":1,"tconstruct:greenheart_planks":48,"minecraft:melon_seeds":64,"minecraft:chest":21,"stalwart_dungeons:iron_hammer":1,"tconstruct:greenheart_fence":3,"sophisticatedbackpacks:backpack":2,"minecraft:crafting_table":5,"minecraft:wooden_pickaxe":1,"minecraft:iron_helmet":1,"biomesoplenty:fir_planks":80,"minecraft:iron_chestplate":1,"minecraft:shield":1,"minecraft:stick":100,"minecraft:iron_ingot":51,"minecraft:iron_pickaxe":2,"minecraft:stone_sword":1,"botania:apothecary_default":1,"minecraft:wooden_sword":1,"minecraft:stone_shovel":15,"biomesoplenty:mahogany_planks":108,"stalwart_dungeons:diamond_hammer":1,"minecraft:flint_and_steel":1,"minecraft:iron_axe":1,"minecraft:stone_pickaxe":2,"minecraft:lead":2,"minecraft:wheat":27,"sophisticatedbackpacks:iron_backpack":1,"minecraft:cooked_beef":13,"simplemusket:musket":1,"minecraft:iron_sword":1,"minecraft:bucket":2,"minecraft:stone_axe":1,"minecraft:bread":14,"minecraft:air":0,"minecraft:oak_boat":2,"minecraft:white_wool":3,"minecraft:wooden_axe":1,"minecraft:iron_shovel":1,"minecraft:iron_leggings":2,"minecraft:white_bed":2,"minecraft:torch":96},"minecraft:dropped":{"minecraft:bone":1,"minecraft:wheat":1,"minecraft:white_bed":1,"botania:black_mushroom":1,"iceandfire:ghost_chest":1,"minecraft:chest":1,"biomesoplenty:tall_lavender":1,"minecraft:wheat_seeds":4,"biomesoplenty:lavender":5,"chococraft:gysahl_green_seeds":21,"minecraft:granite":3,"chococraft:chocobo_drumstick_raw":2,"minecraft:paper":17,"minecraft:string":6,"minecraft:light_gray_wool":1,"minecraft:barrel":1,"minecraft:wooden_pickaxe":1,"chococraft:gysahl_green":51},"minecraft:used":{"stalwart_dungeons:iron_hammer":34,"minecraft:iron_shovel":260,"minecraft:chest":27,"minecraft:shield":6,"minecraft:iron_sword":67,"minecraft:rotten_flesh":1,"botania:orange_mushroom":1,"minecraft:iron_chestplate":1,"tconstruct:greenheart_fence":1,"minecraft:mutton":8,"minecraft:lantern":2,"iceandfire:ghost_chest":1,"minecraft:stone_bricks":3,"minecraft:furnace":3,"minecraft:mossy_stone_bricks":1,"minecraft:stone_pickaxe":378,"create:crimsite":1,"minecraft:wooden_pickaxe":31,"waystones:waystone":1,"minecraft:bread":41,"tombstone:grave_key":1,"minecraft:gravel":9,"chococraft:gysahl_green":79,"minecraft:oak_boat":7,"minecraft:cobweb":3,"biomesoplenty:mahogany_planks":7,"minecraft:iron_bars":4,"minecraft:stone_sword":43,"minecraft:stone_shovel":1679,"create:veridium":1,"minecraft:spruce_planks":2,"minecraft:torch":78,"minecraft:dirt":667,"minecraft:wooden_axe":14,"minecraft:iron_axe":253,"stalwart_dungeons:diamond_hammer":307,"minecraft:iron_boots":1,"minecraft:beef":5,"securitycraft:dirt_mine":2,"tombstone:gift":4,"minecraft:iron_leggings":1,"minecraft:water_bucket":1,"minecraft:rail":1,"minecraft:crafting_table":12,"minecraft:red_bed":2,"minecraft:white_bed":7,"botania:apothecary_default":1,"chococraft:gysahl_green_seeds":1,"minecraft:iron_pickaxe":503,"minecraft:stone_axe":4,"minecraft:cobblestone":41,"minecraft:bucket":2},"minecraft:killed_by":{"irons_spellbooks:pyromancer":1,"minecraft:creeper":1,"born_in_chaos_v1:zombie_bruiser":1,"iceandfire:ice_dragon":1,"minecraft:zombie":1,"iceandfire:fire_dragon":2,"minecraft:player":1,"irons_spellbooks:necromancer":1},"minecraft:killed":{"minecraft:cave_spider":2,"irons_spellbooks:pyromancer":1,"minecraft:spider":2,"minecraft:skeleton":3,"minecraft:chicken":4,"minecraft:silverfish":1,"born_in_chaos_v1:baby_skeleton_2":1,"minecraft:zombie_villager":1,"minecraft:sheep":15,"minecraft:zombie":9,"born_in_chaos_v1:corpse_fly":1,"minecraft:cow":29,"chococraft:chocobo":3,"born_in_chaos_v1:maggot":6,"minecraft:horse":5,"born_in_chaos_v1:corpse_fish":5,"born_in_chaos_v1:baby_skeleton":2,"iceandfire:ghost":3,"born_in_chaos_v1:dark_vortex":1},"minecraft:mined":{"minecraft:large_amethyst_bud":1,"minecraft:spruce_planks":7,"biomesoplenty:cherry_log":28,"minecraft:white_bed":7,"botania:red_mystical_flower":9,"minecraft:brewing_stand":1,"minecraft:spruce_trapdoor":10,"minecraft:granite":3,"botania:black_mushroom":1,"minecraft:grass_block":1123,"minecraft:stone_brick_wall":2,"botania:black_double_flower":1,"minecraft:oxeye_daisy":3,"botania:purple_mystical_flower":5,"biomesoplenty:orange_cosmos":5,"minecraft:iron_ore":63,"minecraft:fire":5,"minecraft:barrel":1,"biomesoplenty:hanging_cobweb":4,"chococraft:gysahl_green":75,"biomesoplenty:pink_cherry_leaves":18,"minecraft:dirt_path":3,"minecraft:iron_bars":9,"biomesoplenty:webbing":1,"botania:light_blue_mystical_flower":5,"create:veridium":7,"create:limestone":4,"minecraft:spruce_slab":5,"botania:green_mystical_flower":6,"minecraft:red_bed":3,"biomesoplenty:wildflower":11,"minecraft:amethyst_cluster":1,"biomesoplenty:hanging_cobweb_strand":2,"minecraft:torch":1,"minecraft:poppy":3,"minecraft:melon":31,"tconstruct:greenheart_log":12,"iceandfire:ghost_chest":2,"minecraft:chest":15,"minecraft:cobblestone":4,"botania:blue_mystical_flower":10,"minecraft:sugar_cane":29,"botania:blue_double_flower":1,"minecraft:wall_torch":1,"botania:black_mystical_flower":9,"botania:blue_mushroom":1,"biomesoplenty:fir_log":21,"minecraft:stone_brick_stairs":25,"minecraft:grass":103,"tconstruct:earth_sky_slime_grass":1,"biomesoplenty:clover":52,"minecraft:oak_log":105,"botania:gray_double_flower":1,"minecraft:dirt":779,"create:crimsite":6,"minecraft:oak_leaves":28,"minecraft:deepslate":24,"create:zinc_ore":21,"minecraft:tuff":6,"iceandfire:silver_ore":4,"biomesoplenty:desert_grass":10,"biomesoplenty:bush":2,"minecraft:allium":4,"botania:orange_mushroom":2,"minecraft:large_fern":1,"minecraft:hay_block":3,"farmersdelight:wild_onions":6,"minecraft:furnace":5,"minecraft:andesite":15,"evilcraft:dark_ore":1,"minecraft:big_dripleaf_stem":4,"minecraft:bell":1,"minecraft:bookshelf":9,"minecraft:vine":1,"biomesoplenty:barley":13,"biomesoplenty:spider_egg":1,"irons_spellbooks:inscription_table":2,"minecraft:stone":645,"botania:light_blue_double_flower":1,"tconstruct:earth_congealed_slime":8,"minecraft:scaffolding":1,"botania:lime_mystical_flower":4,"minecraft:stone_brick_slab":1,"minecraft:crafting_table":13,"biomesoplenty:mahogany_planks":7,"minecraft:rose_bush":58,"minecraft:lectern":1,"minecraft:tall_grass":6,"minecraft:copper_ore":45,"minecraft:deepslate_coal_ore":1,"biomesoplenty:sprout":1,"minecraft:diorite":12,"minecraft:big_dripleaf":1,"minecraft:spruce_stairs":7,"botania:pink_mystical_flower":7,"botania:red_double_flower":1,"biomesoplenty:white_cherry_leaves":5,"biomesoplenty:mahogany_log":27,"minecraft:sweet_berry_bush":3,"minecraft:coal_ore":170,"biomesoplenty:fir_leaves":2,"minecraft:gravel":27,"biomesoplenty:stringy_cobweb":1,"botania:gray_mystical_flower":8,"minecraft:cobweb":24,"minecraft:stone_bricks":4,"minecraft:polished_andesite":15,"minecraft:mossy_stone_bricks":1,"minecraft:fern":50,"minecraft:infested_stone":1}},"DataVersion":3120}