{"stats":{"minecraft:killed_by":{"minecraft:player":2},"minecraft:picked_up":{"minecraft:egg":1,"minecraft:birch_log":10},"minecraft:used":{"tombstone:gift":2},"minecraft:crafted":{"minecraft:birch_planks":28},"minecraft:mined":{"minecraft:birch_log":10,"minecraft:grass":4,"minecraft:birch_leaves":3},"minecraft:custom":{"minecraft:jump":74,"minecraft:time_since_rest":212,"minecraft:damage_dealt":178,"minecraft:deaths":2,"minecraft:sprint_one_cm":27739,"minecraft:play_time":3530,"minecraft:damage_taken":563,"minecraft:time_since_death":619,"minecraft:walk_one_cm":7630,"minecraft:total_world_time":3530,"minecraft:leave_game":1,"minecraft:fall_one_cm":628,"minecraft:fly_one_cm":12096,"minecraft:walk_on_water_one_cm":70}},"DataVersion":3120}