{"stats":{"minecraft:picked_up":{"chococraft:loverly_gysahl_green":1,"minecraft:crafting_table":2,"minecraft:oak_log":11,"chococraft:gysahl_green_seeds":7,"minecraft:yellow_bed":1,"minecraft:gunpowder":2,"minecraft:moss_carpet":1,"chococraft:gysahl_green":22,"minecraft:rotten_flesh":6,"taxov:block_pirate":1,"minecraft:wheat_seeds":1,"minecraft:oak_boat":1,"minecraft:jungle_sapling":1,"tombstone:magic_scroll":1,"minecraft:sugar_cane":27},"minecraft:mined":{"minecraft:jungle_leaves":2,"minecraft:yellow_bed":1,"minecraft:crafting_table":2,"minecraft:grass":2,"chococraft:gysahl_green":7,"minecraft:vine":1,"minecraft:oak_log":11,"taxov:block_pirate":1,"minecraft:sugar_cane":13,"minecraft:oak_leaves":6,"minecraft:fern":1},"minecraft:killed":{"minecraft:zombie":1,"iceandfire:ghost":1,"minecraft:zombie_villager":1,"minecraft:drowned":1},"minecraft:dropped":{"minecraft:oak_boat":1},"minecraft:crafted":{"minecraft:wooden_sword":1,"minecraft:oak_planks":44,"minecraft:stick":8,"minecraft:wooden_pickaxe":1,"minecraft:wooden_axe":1,"iceandfire:silver_sword":1},"minecraft:custom":{"minecraft:time_since_rest":5502,"minecraft:sprint_one_cm":72901,"minecraft:damage_taken":1240,"minecraft:walk_one_cm":40055,"minecraft:trigger_trapped_chest":2,"minecraft:mob_kills":6,"minecraft:drop":1,"minecraft:damage_dealt":1269,"minecraft:talked_to_villager":1,"minecraft:interact_with_crafting_table":3,"minecraft:swim_one_cm":82812,"minecraft:fly_one_cm":108891,"minecraft:open_barrel":1,"minecraft:open_chest":8,"minecraft:play_time":23704,"tombstone:undead_killed":4,"minecraft:deaths":4,"minecraft:sneak_time":14,"minecraft:walk_under_water_one_cm":9966,"minecraft:boat_one_cm":27398,"minecraft:jump":417,"minecraft:leave_game":1,"minecraft:walk_on_water_one_cm":25010,"minecraft:time_since_death":5828,"minecraft:sleep_in_bed":3,"minecraft:climb_one_cm":2604,"minecraft:total_world_time":23704,"minecraft:fall_one_cm":5989},"minecraft:killed_by":{"iceandfire:ghost":2,"iceandfire:cyclops":2},"minecraft:used":{"minecraft:wooden_axe":2,"iceandfire:silver_sword":9,"minecraft:oak_planks":1,"minecraft:wooden_pickaxe":1,"minecraft:wooden_sword":14,"minecraft:crafting_table":1,"chococraft:gysahl_green":15}},"DataVersion":3120}